-- phpMyAdmin SQL Dump
-- version 5.2.0
-- https://www.phpmyadmin.net/
--
-- Máy chủ: 127.0.0.1
-- Thời gian đã tạo: Th10 18, 2022 lúc 04:10 PM
-- Phiên bản máy phục vụ: 10.4.25-MariaDB
-- Phiên bản PHP: 8.0.23

SET SQL_MODE = "NO_AUTO_VALUE_ON_ZERO";
START TRANSACTION;
SET time_zone = "+00:00";


/*!40101 SET @OLD_CHARACTER_SET_CLIENT=@@CHARACTER_SET_CLIENT */;
/*!40101 SET @OLD_CHARACTER_SET_RESULTS=@@CHARACTER_SET_RESULTS */;
/*!40101 SET @OLD_COLLATION_CONNECTION=@@COLLATION_CONNECTION */;
/*!40101 SET NAMES utf8mb4 */;

--
-- Cơ sở dữ liệu: `gshock`
--

-- --------------------------------------------------------

--
-- Cấu trúc bảng cho bảng `categories`
--

CREATE TABLE `categories` (
  `categories_id` int(10) UNSIGNED NOT NULL,
  `trademark` varchar(30) COLLATE utf8_unicode_ci NOT NULL,
  `name` varchar(255) COLLATE utf8_unicode_ci NOT NULL,
  `logo_img` varchar(200) COLLATE utf8_unicode_ci NOT NULL,
  `picture` varchar(200) COLLATE utf8_unicode_ci NOT NULL
) ENGINE=InnoDB DEFAULT CHARSET=utf8 COLLATE=utf8_unicode_ci;

--
-- Đang đổ dữ liệu cho bảng `categories`
--

INSERT INTO `categories` (`categories_id`, `trademark`, `name`, `logo_img`, `picture`) VALUES
(1, 'G-Shock', 'Đồng hồ G-Shock', 'g-shock-logo.jpg', 'hd-gshock.jpg'),
(2, 'Baby-G', 'Đồng hồ Baby-G', 'babyg-logo.png', 'gshock-baby-g.jpg'),
(3, 'Casio Edifice', 'Đồng hồ Casio Edifice', 'edifice-logo.png', 'MA_Banner_Edifice.jpg'),
(4, 'Vintage Casio', 'Đồng hồ Vintage Casio ', 'casio-logo.png', 'dh-casio.png'),
(5, 'Phụ kiện G-Shock', 'Phụ kiện G-Shock', 'logo-phu-kien.jpg', 'phu-kien-gshock.jpg'),
(6, 'Đồng hồ nữ', 'Đồng hồ nữ', 'logo-dh-nu.png', 'dh-nu.png');

-- --------------------------------------------------------

--
-- Cấu trúc bảng cho bảng `contacts`
--

CREATE TABLE `contacts` (
  `id` int(10) UNSIGNED NOT NULL,
  `fullname` varchar(200) COLLATE utf8_unicode_ci NOT NULL,
  `phone` varchar(15) COLLATE utf8_unicode_ci NOT NULL,
  `email` varchar(200) COLLATE utf8_unicode_ci NOT NULL,
  `content` varchar(10000) COLLATE utf8_unicode_ci NOT NULL
) ENGINE=InnoDB DEFAULT CHARSET=utf8 COLLATE=utf8_unicode_ci;

--
-- Đang đổ dữ liệu cho bảng `contacts`
--

INSERT INTO `contacts` (`id`, `fullname`, `phone`, `email`, `content`) VALUES
(1, 'Lê Văn Việt', '0978554366', 'viet@gmail.com', 'Tôi rất hài lòng với các sản phẩm'),
(3, 'Lê Long', '0656666787', 'long@gmail.com', 'shop rất ok, sản phẩm ok'),
(7, 'Trần Tĩnh', '0977553256', 'tinh@gmail.com', 'sản phẩm rất tốt, shop rất uy tín'),
(8, 'Hồ Thị Thảo', '0776668543', 'thao@gmail.com', 'giao hàng nhanh, sản phẩm quá chất lượng, cảm ơn shop'),
(10, 'Việt Nguyễn', '0898888983', 'viet@gmail.com', 'chất lượng sản phẩm rất tốt'),
(12, 'Nguyễn Long', '0977658866', 'long@gmail.com', 'sản phẩm rất ok, có cơ hội sẽ ghé shop');

-- --------------------------------------------------------

--
-- Cấu trúc bảng cho bảng `intros`
--

CREATE TABLE `intros` (
  `intro_id` int(10) UNSIGNED NOT NULL,
  `slogan` varchar(255) COLLATE utf8_unicode_ci NOT NULL,
  `picture` varchar(200) COLLATE utf8_unicode_ci NOT NULL,
  `content` varchar(255) COLLATE utf8_unicode_ci NOT NULL
) ENGINE=InnoDB DEFAULT CHARSET=utf8 COLLATE=utf8_unicode_ci;

--
-- Đang đổ dữ liệu cho bảng `intros`
--

INSERT INTO `intros` (`intro_id`, `slogan`, `picture`, `content`) VALUES
(1, 'Sự Hài Lòng Của Quý Khách Hàng', 'picture2.jpg', 'Giá cả phải chăng - Tư vấn tận tâm'),
(2, 'Giao hàng tận nơi !! ', 'picture1.jpg', 'Check hàng, hướng dẫn sự dụng chi tiết '),
(3, 'Mẫu Mã Đa Dạng', 'picture3.jpg', 'Đáp ưng mọi nhu cầu của quý khách hàng '),
(4, 'Chính Sách Ưu Đãi Số 1 ', 'picture4.jpg', 'Mức giá tuyệt vời cho khách hàng của G-Watch'),
(5, 'Độ Hoàn Thiện Sản Phẩm Tuyệt Đối ', 'picture5.jpg', 'Cam kết chất lượng vượt trội, bền bỉ'),
(6, 'Sản Phẩm Cực Chất', 'picture6.jpg', 'Chỉ có tại G-Watch'),
(8, 'Địa Điểm Mua Hàng Tin Cậy', 'Hinh-1667840435.jpg', 'Showroom tại TP.HCM luôn sẵn lòng phục vụ quý khách hàng ');

-- --------------------------------------------------------

--
-- Cấu trúc bảng cho bảng `members`
--

CREATE TABLE `members` (
  `member_id` int(6) UNSIGNED NOT NULL,
  `account` varchar(200) COLLATE utf8_unicode_ci NOT NULL,
  `password` varchar(200) COLLATE utf8_unicode_ci NOT NULL,
  `fullname` varchar(200) COLLATE utf8_unicode_ci NOT NULL,
  `phone` varchar(255) COLLATE utf8_unicode_ci NOT NULL,
  `email` varchar(200) COLLATE utf8_unicode_ci NOT NULL,
  `address` varchar(255) COLLATE utf8_unicode_ci NOT NULL
) ENGINE=InnoDB DEFAULT CHARSET=utf8 COLLATE=utf8_unicode_ci;

--
-- Đang đổ dữ liệu cho bảng `members`
--

INSERT INTO `members` (`member_id`, `account`, `password`, `fullname`, `phone`, `email`, `address`) VALUES
(1, 'hahaha123', '123456', 'Qúy Trần', '0989566554', 'viet@gmail.com', 'số 2 Phạm Tuân, Xã Bảo Cường, Huyện Định Hóa, Tỉnh Thái Nguyên'),
(2, 'viet8989', 'd9e9bc0a9e53769f067a115037c03a6f', 'Việt Nguyễn', '0898888983', 'viet@gmail.com', 'số 2 ông ích khiêm, Phường Thạch Thang, Quận Hải Châu, Thành phố Đà Nẵng'),
(4, 'quy1997', 'e10adc3949ba59abbe56e057f20f883e', 'Trần Qúy', '0777566421', 'quy@gmail.com', 'số 44 Trần Quang Trung, Phường Vĩnh Điện, Thị xã Điện Bàn, Tỉnh Quảng Nam'),
(5, 'haha123', 'e10adc3949ba59abbe56e057f20f883e', 'Nguyễn Long', '0977658866', 'long@gmail.com', 'số 2 ông ích khiêm, Xã Ngọc Châu, Huyện Tân Yên, Tỉnh Bắc Giang');

-- --------------------------------------------------------

--
-- Cấu trúc bảng cho bảng `news`
--

CREATE TABLE `news` (
  `news_id` int(10) UNSIGNED NOT NULL,
  `name` varchar(255) COLLATE utf8_unicode_ci NOT NULL,
  `created_at` date NOT NULL,
  `picture` varchar(255) COLLATE utf8_unicode_ci NOT NULL,
  `preview_text` varchar(255) COLLATE utf8_unicode_ci NOT NULL,
  `detail_text` mediumtext COLLATE utf8_unicode_ci NOT NULL
) ENGINE=InnoDB DEFAULT CHARSET=utf8 COLLATE=utf8_unicode_ci;

--
-- Đang đổ dữ liệu cho bảng `news`
--

INSERT INTO `news` (`news_id`, `name`, `created_at`, `picture`, `preview_text`, `detail_text`) VALUES
(1, 'Cách phối dây da đơn giản mà cực kỳ hiệu quả', '2022-11-07', 'cach-phoi-day-da-don-gian-ma-cuc-ky-hieu-qua.jpg', 'Phối màu đồng bộ với mặt đồng hồ hoặc phù hợp với một chi tiết nhỏ của đồng hồ Hiện…', '<h3><strong>Phối m&agrave;u đồng bộ với mặt đồng hồ hoặc ph&ugrave; hợp với một chi tiết nhỏ của đồng hồ</strong></h3>\r\n\r\n<p>Hiện nay tr&ecirc;n thị trường c&oacute; rất nhiều sản phẩm đồng hồ như&nbsp;đồng hồ cơ,&nbsp;đồng hồ quartz, để gi&uacute;p cho chiếc đồng hồ của bạn tr&ocirc;ng vừa tinh tế v&agrave; vừa chuy&ecirc;n nghiệp, bạn c&oacute; thể chọn d&acirc;y đeo đồng hồ c&ugrave;ng m&agrave;u với mặt đồng hồ hoặc c&ugrave;ng m&agrave;u với chi tiết nhỏ như l&agrave; m&agrave;u vỏ, m&agrave;u mặt số, m&agrave;u chữ số, m&agrave;u kim,&hellip; để t&ocirc;n l&ecirc;n vẻ sang trọng của bạn.</p>\r\n\r\n<p><img alt=\"phối đồng bộ với mặt đồng hồ hoặc một đặc điểm nhỏ\" src=\"https://gshockvn.net/wp-content/uploads/cach-phoi-day-da-don-gian-ma-cuc-ky-hieu-qua-4-1.jpg\" style=\"height:450px; width:800px\" /></p>\r\n\r\n<p>Bạn c&oacute; thể chọn m&agrave;u tương ứng với độ đậm nhạt của đồng hồ m&agrave; kh&ocirc;ng nhất thiết phải mặt đồng hồ m&agrave;u n&agrave;o th&igrave; d&acirc;y da m&agrave;u ấy đ&acirc;u. V&iacute; dụ:&nbsp;m&agrave;u mặt số đồng hồ l&agrave; m&agrave;u xanh biển đậm th&igrave; m&agrave;u d&acirc;y c&oacute; thể l&agrave; m&agrave;u xanh da trời.</p>\r\n\r\n<p><img alt=\"phối đồng bộ với mặt đồng hồ hoặc một đặc điểm nhỏ\" src=\"https://gshockvn.net/wp-content/uploads/cach-phoi-day-da-don-gian-ma-cuc-ky-hieu-qua-7.jpg\" style=\"height:450px; width:800px\" /></p>\r\n\r\n<p>Để tạo n&ecirc;n sự đồng bộ v&agrave; thống nhất cho chiếc đồng hồ của m&igrave;nh, bạn cũng c&oacute; thể chọn m&agrave;u d&acirc;y tr&ugrave;ng với m&agrave;u mặt đồng hồ.</p>\r\n\r\n<p>Một mẹo nhỏ l&agrave; bạn n&ecirc;n mang đồng hồ ph&ugrave; hợp với m&agrave;u &aacute;o để gi&uacute;p bạn trở n&ecirc;n đẹp hơn v&agrave; g&acirc;y ấn tượng đối với người đối diện.</p>\r\n\r\n<p><img alt=\"phối đồng bộ với mặt đồng hồ hoặc một đặc điểm nhỏ\" src=\"https://gshockvn.net/wp-content/uploads/cach-phoi-day-da-don-gian-ma-cuc-ky-hieu-qua-1.jpg\" style=\"height:450px; width:800px\" /></p>\r\n\r\n<h3><strong>Phối m&agrave;u tương phản với mặt đồng hồ</strong></h3>\r\n\r\n<p>Nguy&ecirc;n tắc phối m&agrave;u tương phản l&agrave; kết hợp một gam m&agrave;u tối, lạnh với một gam m&agrave;u s&aacute;ng, ấm để khi phối cạnh nhau, m&agrave;u n&agrave;y l&agrave;m nổi bật m&agrave;u kia v&agrave; ngược lại.</p>\r\n\r\n<p><img alt=\"phối màu tương phản\" src=\"https://gshockvn.net/wp-content/uploads/cach-phoi-day-da-don-gian-ma-cuc-ky-hieu-qua-2.jpg\" style=\"height:450px; width:800px\" /></p>\r\n\r\n<p>V&iacute; dụ: Bạn c&oacute; thể kết hợp d&acirc;y m&agrave;u đen với mặt đồng hồ m&agrave;u trắng, d&acirc;y m&agrave;u xanh biển đậm với vỏ đồng hồ m&agrave;u v&agrave;ng s&aacute;ng,&hellip;</p>\r\n\r\n<p><img alt=\"phối màu tương phản với mặt đồng hồ\" src=\"https://gshockvn.net/wp-content/uploads/cach-phoi-day-da-don-gian-ma-cuc-ky-hieu-qua-8.jpg\" style=\"height:450px; width:800px\" /></p>\r\n\r\n<p>Với c&aacute;ch kết hợp n&agrave;y, đồng hồ sẽ trở n&ecirc;n nổi bật v&agrave; g&acirc;y ấn tượng mạnh với người đối phương v&agrave; t&ocirc;n l&ecirc;n vẻ tinh tế của bạn.</p>\r\n\r\n<h3><strong>Kết hợp cả tương phản v&agrave; đồng bộ</strong></h3>\r\n\r\n<p>Việc kết hợp 2 gam m&agrave;u s&aacute;ng v&agrave; tối của đồng hồ với gam m&agrave;u s&aacute;ng tối của d&acirc;y sẽ gi&uacute;p cho đồng hồ của bạn tr&ocirc;ng nổi bật hơn.</p>\r\n\r\n<p>V&iacute; dụ: Nếu khung viền đồng hồ của bạn c&oacute; m&agrave;u s&aacute;ng v&agrave; mặt đồng hồ c&oacute; m&agrave;u tối th&igrave; bạn n&ecirc;n chọn những mẫu d&acirc;y da vừa c&oacute; yếu tốt s&aacute;ng hoặc tối để ph&ugrave; hợp với một trong hai đặc điểm của đồng hồ.</p>\r\n\r\n<p><img alt=\"kết hợp cả tương phản và đồng bộ\" src=\"https://gshockvn.net/wp-content/uploads/cach-phoi-day-da-don-gian-ma-cuc-ky-hieu-qua-10.jpg\" style=\"height:450px; width:800px\" /></p>\r\n\r\n<p>Tr&ecirc;n đ&acirc;y l&agrave; to&agrave;n bộ những c&aacute;ch đơn giản c&oacute; thể gi&uacute;p bạn chọn được d&acirc;y đeo ph&ugrave; hợp với đồng hồ. Hy vọng những c&aacute;ch chọn d&acirc;y đồng hồ tr&ecirc;n sẽ hữu &iacute;ch với bạn.</p>\r\n'),
(2, 'Hướng dẫn cách lên dây cót đồng hồ cơ đúng cách', '2022-10-11', 'cach-su-dung-dong-ho-co-automatic-dung-cach.png', 'Phân loại đồng hồ dựa trên cách lên dây cót Có 2 loại đồng hồ cơ: Đồng hồ cơ lên dây…', 'Có 2 loại đồng hồ cơ: Đồng hồ cơ lên dây cót bằng tay (Hand winding) và đồng hồ cơ lên dây cót tự động (Automatic).\r\n\r\nĐiểm giống nhau giữa 2 loại này là chúng đều là đồng hồ cơ, sử dụng năng lượng sinh ra từ dây cót. Nguồn năng lượng này không tồn tại vĩnh cửu mà cần được nạp thường xuyên. Đối với đồng hồ cơ Automatic, việc lên dây sẽ tự động diễn ra khi bạn cử động cơ tay. Trong khi đôi với đồng hồ cơ Handing, bạn phải lên dây cót thủ công bằng cách vặn cót.Phân loại đồng hồ theo cách lên dây cót\r\n\r\nTức là, nếu bạn là 1 người năng động, thường xuyên cử động mạnh và nhiều thì đồng hồ cơ Automatic sẽ phù hợp với bạn. Còn nếu bạn thích chăm chút đồng hồ hơn, hay bạn muốn trông lịch lãm hơn thì nên chọn đồng hồ cơ Handing, bởi thiết kế tinh xảo, cầu kì hơn.\r\n\r\nNguồn năng lượng duy trì bên trong đồng hồ cơ: Ở 1 số loại đồng hồ cơ sẽ có máy đo giúp bạn dễ dàng biết được nguồn năng lượng dự trữ đang là bao nhiêu. Tuy nhiên, ở một số khác sẽ không có chỉ số đó mà bạn phải tự ước lượng. Thông thường, nguồn năng lượng này sẽ kéo dài gấp 2 – 3 lần so với thời gian mà bạn cử động để lên dây cót. Ví dụ, 1 ngày bình thường bạn đeo đồng hồ khoảng 12 giờ, thì sau khi tháo ra, đồng hồ sẽ chạy được 24 – 36 giờ cho đến khi dừng hẳn.\r\n\r\n2Cách chỉnh dây cót đồng hồ cơ\r\nLên dây cót bằng tay (Hand winding)\r\nViệc lên dây cót bằng tay đòi hỏi sự khéo léo và cẩn thận. Bởi vì nếu lên dây quá mạnh tay sẽ gây ảnh hưởng đến bộ dây cót bên trong. \r\n\r\nLên dây cót bằng tay\r\n\r\nĐể lên dây cót bằng tay, đầu tiên, bạn nên tháo đồng hồ ra khỏi tay. Sau đó, giữ chặt mặt đồng hồ và bắt đầu vặn núm. Vặn theo chiều kim đồng hồ (từ dưới lên trên), mỗi lần vặn là nửa vòng, cho đến khoảng 20 – 40 vòng hoặc đến khi bạn cảm thấy vừa đủ chặt thì dừng lại.\r\n\r\nLưu ý:\r\n\r\nKhông nên lên dây cót quá chặt. Vặn núm dây cót đến khi bạn cảm nhận được độ chặt vừa đủ thì dừng lại, tránh việc căng quá mức làm đứt dây cót.\r\nKhông nên lên dây cót trong lúc đeo đồng hồ trên tay. Chẳng những khiến bạn thao tác sẽ khó khăn mà còn làm chệch núm xoay.\r\nNên đặt 1 khoảng thời gian cố định để lên dây cót. Chẳng hạn mỗi khi thức dậy vào buổi sáng, trước khi đi ngủ,… để tránh việc quên lên dây cót.\r\nLên dây cót tự động (Automatic)\r\nVới loại đồng hồ cơ này, việc lên dây cót sẽ thuận tiện và đơn giản hơn. Bạn chỉ cần cử động tay thì cơ chế đồng hồ sẽ tự động lên dây cót và nạp năng lượng giúp bạn. \r\n\r\nĐồng hồ cơ lên dây cót tự động\r\n\r\nĐiều này có nghĩa là, trong hoạt động hàng ngày, bạn nên có những cử động nhỏ nơi cánh tay, có thể là chạy bộ, bắt tay,… Tuy nhiên, bạn cũng không cần phải quá lo lắng về việc cử động tay liên tục. Bởi vì nếu bạn đeo đủ 8 giờ thì năng lượng đã đủ duy trì cho 1 ngày. \r\n\r\nLưu ý:\r\n\r\nỞ một số đồng hồ cơ Automatic có sẵn núm vặn dây cót. Bạn có thể sử dụng chúng để lên dây cót thủ công. Nếu không có, bạn cũng có thể cầm đồng hồ lên và lắc nhẹ 20 – 40 lần cho dây cót lên tự động.\r\nVì năng lượng lưu trữ trong đồng hồ cơ không vĩnh viễn, nên nếu bạn không sử dụng trong thời gian dài thì đồng hồ sẽ ngưng hoạt động. Do đó, bạn cũng nên kiểm tra trạng thái của đồng hồ thường xuyên.'),
(3, 'Mẹo nhỏ giúp bạn bảo quản và sử dụng đồng hồ đeo tay đúng cách', '2022-11-07', 'meo-nho-giup-ban-bao-quan-va-su-dung-dong-ho.jpg', 'Để ý giới hạn chịu nước của đồng hồ Mỗi chiếc đồng hồ đều có giới hạn chịu nước khác nhau được…', '<p>Để &yacute; giới hạn chịu nước của đồng hồ Mỗi chiếc đồng hồ đều c&oacute; giới hạn chịu nước kh&aacute;c nhau được ghi ch&uacute; tr&ecirc;n mặt đồng hồ, chẳng hạn như Water Resistant 50M, 100M,&hellip; Bạn cần lưu &yacute; những chỉ số n&agrave;y để kh&ocirc;ng sử dụng đồng hồ trong những trường hợp vượt qu&aacute; khả năng chịu nước của n&oacute;. Thang đo chỉ số chống nước của đồng hồ B&ecirc;n canh đ&oacute;, khi sử dụng đồng hồ trong m&ocirc;i trường nước, bạn cần lưu &yacute; vặn chặt n&uacute;m đồng hồ để tr&aacute;nh cho nước lọt v&agrave;o. Ngo&agrave;i ra, mặc d&ugrave; một số đồng hồ c&oacute; khả năng chịu được &aacute;p lực nước cao, nhưng bạn cũng n&ecirc;n lưu &yacute; kĩ về m&ocirc;i trường sử dụng. Chẳng hạn như sử dụng trong ph&ograve;ng tắm x&ocirc;ng hơi, do nhiệt độ cao n&ecirc;n đồng hồ cũng sẽ bị ảnh hưởng, hoặc sử dụng dưới biển th&igrave; đồng hồ sẽ c&oacute; khả năng bị ăn m&ograve;n. Tr&aacute;nh để đồng hồ gần vật c&oacute; từ trường Nhiều chi tiết b&ecirc;n trong đồng hồ được cấu tạo từ kim loại. Do đ&oacute; nếu để gần c&aacute;c vật c&oacute; từ trường (chẳng hạn như tivi, tủ lạnh, loa, laptop,&hellip;) th&igrave; khả năng sai lệch do nhiễm từ l&agrave; kh&aacute; cao. L&uacute;c mang đồng hồ hay kể cả l&uacute;c th&aacute;o đồng hồ ra để cất giữ, bạn cũng cần ch&uacute; &yacute; kh&ocirc;ng n&ecirc;n để gần những thiết bị điện, điện tử n&agrave;y. Tr&aacute;nh để đồng hồ ở gần vật c&oacute; từ trường Vệ sinh mặt đồng hồ Mặt đồng hồ thường l&agrave;m bằng thuỷ tinh hay nhựa mica tổng hợp n&ecirc;n trong qu&aacute; tr&igrave;nh sử dụng, nếu kh&ocirc;ng cẩn thận, bạn sẽ dễ để lại vết bẩn hoặc dấu trầy xước g&acirc;y mất thẩm mĩ. Bạn n&ecirc;n tiến h&agrave;nh vệ sinh mặt đồng hồ định k&igrave; bằng c&aacute;ch sử dụng kem đ&aacute;nh răng thoa đều bề mặt đồng hồ. Sau đ&oacute;, d&ugrave;ng khăn b&ocirc;ng thấm nước ấm để lau sạch lại. Tiến h&agrave;nh vệ sinh mặt đồng hồ định k&igrave; Vệ sinh d&acirc;y da đồng hồ D&acirc;y da đồng hồ mặc d&ugrave; gi&uacute;p người đeo tr&ocirc;ng thanh lịch, quyến rũ hơn nhưng nếu kh&ocirc;ng vệ sinh cẩn thận sẽ rất dễ bị b&aacute;m bẩn v&agrave; để lại m&ugrave;i h&ocirc;i kh&oacute; chịu. Để vệ sinh d&acirc;y da đồng hồ, bạn cần th&aacute;o d&acirc;y da ra khỏi mặt đồng hồ. Sau đ&oacute; d&ugrave;ng dung dịch nước rửa tay để tiến h&agrave;nh vệ sinh, khử tr&ugrave;ng d&acirc;y da. Bạn cũng c&oacute; thể sử dụng tiếp c&aacute;c sản phẩm đ&aacute;nh b&oacute;ng vật liệu da cho d&acirc;y da đồng hồ. Cuối c&ugrave;ng, bạn cần d&ugrave;ng khăn kh&ocirc; để lau thật kĩ d&acirc;y da tr&aacute;nh để ẩm ướt. Vệ sinh d&acirc;y da đồng hồ để loại bỏ m&ugrave;i h&ocirc;i kh&oacute; chịu Vệ sinh d&acirc;y kim loại D&acirc;y kim loại cũng l&agrave; vật liệu dễ b&aacute;m bẩn, v&agrave; đặc biệt dễ bị ph&aacute;t hiện đối với d&acirc;y kim loại s&aacute;ng b&oacute;ng. Hơn nữa, những vết bẩn tr&ecirc;n d&acirc;y kim loại đồng hồ sẽ kh&oacute; vệ sinh nếu bạn bỏ l&acirc;u ng&agrave;y. Khi đ&oacute;, bạn c&oacute; thể sử dụng c&aacute;c chất tẩy rửa nhẹ như cồn hoặc kem đ&aacute;nh răng để đ&aacute;nh b&oacute;ng v&agrave; sau đ&oacute; d&ugrave;ng vải mềm để lau sạch lại. Ngo&agrave;i ra, bạn c&oacute; thể ng&acirc;m d&acirc;y kim loại v&agrave;o chậu nước pha lo&atilde;ng nước rửa ch&eacute;n trong khoảng 10 đến 15 ph&uacute;t để l&agrave;m mềm những vết bẩn cứng đầu trước, sau đ&oacute; mới tiến h&agrave;nh vệ sinh. Vệ sinh d&acirc;y kim loại đồng hồ cho s&aacute;ng b&oacute;ng Thay pin đồng hồ Tất cả những chiếc đồng hồ ch&iacute;nh h&atilde;ng đều c&oacute; tuổi thọ pin trung b&igrave;nh từ 2 đến 4 năm. Bạn n&ecirc;n tiến h&agrave;nh thay pin khoảng 3 năm 1 lần. Nếu bạn qu&ecirc;n, pin đồng hồ sẽ bị chảy ax&iacute;t v&agrave; ăn m&ograve;n c&aacute;c chi tiết b&ecirc;n trong. Thay pin đồng hồ 3 năm 1 lần Xử l&iacute; khi hấp nước Đồng hồ bị hấp nước l&agrave; t&igrave;nh trạng c&oacute; hơi nước ngưng tụ, tạo th&agrave;nh giọt tr&ecirc;n mặt k&iacute;nh hoặc mặt số đồng hồ. T&igrave;nh trạng nghi&ecirc;m trọng sẽ dẫn tới việc ố mốc kim, han gỉ c&aacute;c bộ phận m&aacute;y, l&agrave;m c&aacute;c chi tiết l&agrave;m việc nặng nề, chậm, yếu, thậm ch&iacute; l&agrave;m cho đồng hồ chết hẳn. Khi đ&oacute;, bạn c&oacute; thể d&ugrave;ng khăn b&ocirc;ng để h&uacute;t ẩm, hoặc sử dụng c&aacute;c bộ tản nhiệt như đ&egrave;n hoặc m&aacute;y sấy để hơ n&oacute;ng. Tuy nhi&ecirc;n, bạn cần lưu &yacute; mức độ nhiệt qu&aacute; cao tr&ecirc;n 60 độ C sẽ g&acirc;y hư hỏng đồng hồ. Sử dụng hạt h&uacute;t ẩm cho đồng hồ bị hấp nước C&aacute;c lưu &yacute; kh&aacute;c nếu c&oacute; Ngo&agrave;i những mẹo nhỏ tr&ecirc;n, bạn cũng n&ecirc;n lưu &yacute; những điều sau để tối ưu trải nghiệm sử dụng đồng hồ, hoặc tr&aacute;nh hư hỏng trong qu&aacute; tr&igrave;nh sử dụng. Tr&aacute;nh va đập mạnh đồng hồ g&acirc;y sai lệch vị tr&iacute; của c&aacute;c linh kiện b&ecirc;n trong. Trường hợp sử dụng kh&ocirc;ng cẩn thận c&ograve;n c&oacute; thể g&acirc;y rơi vỡ, hư hỏng đồng hồ. Kh&ocirc;ng n&ecirc;n sử dụng n&uacute;m vặn hay n&uacute;t bấm của đồng hồ khi dưới nước hoặc đang bị d&iacute;nh nước để tr&aacute;nh ảnh hưởng đến chức năng của đồng hồ. Đối với đồng hồ c&oacute; k&egrave;m lịch, bạn kh&ocirc;ng n&ecirc;n chỉnh kim đồng hồ từ 9 giờ tối đến 2 giờ s&aacute;ng v&igrave; trong thời gian n&agrave;y đồng hồ đang tự điều chỉnh để sang ng&agrave;y tiếp theo. Bạn cũng kh&ocirc;ng n&ecirc;n đeo đồng hồ trong l&uacute;c ngủ v&igrave; ngo&agrave;i việc g&acirc;y tổn thương đến cổ tay do c&aacute;c g&oacute;c cạnh sắt nhọn, một số chất liệu l&agrave;m đồng hồ cũng g&acirc;y k&iacute;ch ứng cho da.</p>\r\n'),
(4, 'Cách chỉnh ngày giờ trên đồng hồ 6 kim 3 nút đơn giản', '2022-11-13', 'huong-dan-chinh-gio-dong-ho-dung-cach.png', 'Để biết cách điều chỉnh đồng hồ 6 kim 3 nút, trước tiên phải tìm hiểu về chức năng của các thang đo và 3 nút chính này. Một chiếc đồng hồ 6 kim...', '<p><strong>Để biết c&aacute;ch điều chỉnh đồng hồ 6 kim 3 n&uacute;t, trước ti&ecirc;n phải t&igrave;m hiểu về chức năng của c&aacute;c thang đo v&agrave; 3 n&uacute;t ch&iacute;nh n&agrave;y. Một chiếc đồng hồ 6 kim thường c&oacute; 3 thang đo như sau:</strong></p>\r\n\r\n<p><img alt=\"Các thang đo trên đồng hồ Chronograph\" src=\"https://gshockvn.net/wp-content/uploads/1.png\" /></p>\r\n\r\n<p>&ndash; Thang đo 30 gi&acirc;y hoặc 60 gi&acirc;y ở vị tr&iacute; 3 giờ.</p>\r\n\r\n<p>&ndash; Thang đo 30 ph&uacute;t hoặc 60 ph&uacute;t nằm ở vị tr&iacute; 9 giờ.</p>\r\n\r\n<p>&ndash; Thang đo 12 giờ nằm ở vị tr&iacute; 6 giờ.</p>\r\n\r\n<p>Khi k&iacute;ch hoạt chức năng đếm giờ tr&ecirc;n đồng hồ 6 kim, kim gi&acirc;y trung t&acirc;m chạy hết 1 v&ograve;ng 60 gi&acirc;y th&igrave; một trong 2 mặt số phụ sẽ nhảy 1 nấc ph&uacute;t để đếm ph&uacute;t.</p>\r\n\r\n<p>Cho đến khi bấm dừng th&igrave; số thời gian được đo thể hiện trong mặt số phụ chỉ ph&uacute;t v&agrave; vị tr&iacute; dừng của kim gi&acirc;y d&agrave;i.</p>\r\n\r\n<p>Lưu &yacute; rằng vẫn c&oacute; những đồng hồ biểu thị thang đo kh&aacute;c nhau như thang đo 24 giờ thay v&igrave; 12 giờ, đồng hồ phụ biểu thị 30 ph&uacute;t thay v&igrave; 60 ph&uacute;t.</p>\r\n\r\n<p>C&aacute;c n&uacute;t bấm tr&ecirc;n đồng hồ 6 kim thường được bố tr&iacute; ở b&ecirc;n phải th&acirc;n đồng hồ (điều n&agrave;y được l&yacute; giải bởi th&oacute;i quen đeo đồng hồ b&ecirc;n tay tr&aacute;i n&ecirc;n c&aacute;ch bố tr&iacute; n&uacute;t bấm như vậy gi&uacute;p c&aacute;c thao t&aacute;c điều chỉnh chức năng nhanh hơn).</p>\r\n\r\n<p><img alt=\"Các nút bấm trên đồng hồ\" src=\"https://gshockvn.net/wp-content/uploads/dong-ho-chronograph.jpg\" /></p>\r\n\r\n<p>&ndash; Một n&uacute;m xoay ở vị tr&iacute; 3 giờ d&ugrave;ng để điều chỉnh thời gian (giờ, ph&uacute;t, gi&acirc;y, ng&agrave;y, th&aacute;ng) ti&ecirc;u chuẩn hoặc để l&ecirc;n gi&acirc;y c&oacute;t.</p>\r\n\r\n<p>&ndash; N&uacute;m bấm ở vị tr&iacute; 2 giờ d&ugrave;ng để bắt đầu ph&eacute;p đo (start) v&agrave; dừng ph&eacute;p đo (stop).</p>\r\n\r\n<p>&ndash; N&uacute;m bấm ở vị tr&iacute; 4 giờ d&ugrave;ng để thiết lập ph&eacute;p đo mới (reset).</p>\r\n\r\n<h3>C&aacute;ch chỉnh ng&agrave;y</h3>\r\n\r\n<p>&ndash; K&eacute;o n&uacute;t giữa của đồng hồ ra 1 nấc, vặn n&uacute;t giữa cho đến khi ng&agrave;y hiện tại được hiển thị.</p>\r\n\r\n<p>&ndash; Đẩy n&uacute;t giữa về vị tr&iacute; ban đầu.</p>\r\n\r\n<p><img alt=\"Chỉnh giờ đồng hồ 6 kim\" src=\"https://gshockvn.net/wp-content/uploads/huong-dan-chinh-gio-dong-ho-dung-cach1.png\" /></p>\r\n\r\n<h3>C&aacute;ch chỉnh giờ, ph&uacute;t</h3>\r\n\r\n<p>&ndash; K&eacute;o n&uacute;t giữa của đồng hồ ra 2 nấc, vặn chỉnh kim giờ ph&uacute;t về đ&uacute;ng thời gian hiện tại.</p>\r\n\r\n<p>&ndash; Đẩy n&uacute;t giữ về vị tr&iacute; ban đầu.</p>\r\n\r\n<p><img alt=\"Chỉnh giờ, phút\" src=\"https://gshockvn.net/wp-content/uploads/chinh-gio-dong-ho-co-chronograph-3.jpg\" /></p>\r\n\r\n<h3>C&aacute;ch d&ugrave;ng t&iacute;nh năng bấm giờ thể thao</h3>\r\n\r\n<p>&ndash; Bấm n&uacute;t ph&iacute;a tr&ecirc;n lần 1 kim gi&acirc;y trung t&acirc;m hay c&ograve;n gọi l&agrave; kim gi&acirc;y thể thao bắt đầu chạy.</p>\r\n\r\n<p>&ndash; Bấm n&uacute;t ph&iacute;a tr&ecirc;n lần 2 kim gi&acirc;y trung t&acirc;m dừng (thời gian đo được hiển thị trong mặt số phụ chỉ ph&uacute;t v&agrave; tại nơi kim gi&acirc;y d&agrave;i dừng).</p>\r\n\r\n<p>&ndash; Bấm n&uacute;t ph&iacute;a dưới để Reset đưa 2 kim về vị tr&iacute; cũ (vị tr&iacute; số 12h v&agrave; 60 gi&acirc;y).</p>\r\n'),
(5, ' Hướng dẫn cách dùng đồng hồ G-shock để tìm điện thoại', '2022-11-07', 'Hinh-1667791640.png', 'Cách dùng đồng hồ G-shock để tìm điện thoại Kết nối đồng hồ với điện thoại Bước 1: Để sử dụng Bluetooth trên đồng hồ G-Shock ...', '<h3>C&aacute;ch d&ugrave;ng đồng hồ G-shock để t&igrave;m điện thoại</h3>\r\n\r\n<p><strong>Kết nối đồng hồ với điện thoại</strong></p>\r\n\r\n<p><strong>Bước 1</strong>: Để sử dụng Bluetooth tr&ecirc;n đồng hồ G-Shock (c&aacute;c mẫu c&oacute; số hiệu sản phẩm bắt đầu bằng&nbsp;<strong>GBA-400</strong>, v&iacute; dụ GBA-400-4ADR, GBA-400-1A9DR, GBA-400-1ADR, GBA-400-4ADR) trước ti&ecirc;n người d&ugrave;ng phải tải xuống&nbsp;<strong>app G-SHOCK+</strong>&nbsp;tr&ecirc;n cửa h&agrave;ng ứng dụng của điện thoại.</p>\r\n\r\n<p>&ndash; X&aacute;c định vị tr&iacute; c&aacute;c n&uacute;t chức năng ch&iacute;nh tr&ecirc;n đồng hồ G-Shock (GBA-400) như h&igrave;nh b&ecirc;n dưới:</p>\r\n\r\n<p><img alt=\"Các nút chức năng trên G-Shock (GBA-400)\" src=\"https://gshockvn.net/wp-content/uploads/huong-dan-cach-dung-dong-ho-g-shock-de-tim-dien-thoai.jpg\" style=\"height:486px; width:600px\" /></p>\r\n\r\n<p><strong>Bước 2</strong>: Bật Bluetooth tr&ecirc;n điện thoại v&agrave; mở app G-SHOCK+.</p>\r\n\r\n<p><strong>Bước 3</strong>: Bấm giữ&nbsp;<strong>n&uacute;t B</strong>&nbsp;khoảng&nbsp;<strong>1 gi&acirc;y</strong>&nbsp;để bật Bluetooth tr&ecirc;n đồng hồ. (L&uacute;c n&agrave;y đĩa tr&ograve;n ở vị tr&iacute; 9 giờ sẽ xoay vạch đen về chữ<strong>&nbsp;ON</strong>).</p>\r\n\r\n<p><strong>Bước 4</strong>: Trong lần kết nối đầu ti&ecirc;n, app sẽ hỏi số hiệu của đồng hồ được kết nối, h&atilde;y t&igrave;m đến &ldquo;<strong>GBA-400</strong>&rdquo;. Khi kết nối th&agrave;nh c&ocirc;ng, điện thoại sẽ tự động mở app G&rsquo;MIX v&agrave; m&agrave;n h&igrave;nh tr&ecirc;n c&ugrave;ng của đồng hồ sẽ hiển thị d&ograve;ng chữ&nbsp;<strong>G&rsquo;MIX</strong>. Đồng thời, thời gian tr&ecirc;n đồng hồ (cả đồng hồ kim v&agrave; đồng hồ số) sẽ tự động đồng bộ với thời gian của điện thoại để c&oacute; độ ch&iacute;nh x&aacute;c cao nhất.</p>\r\n\r\n<p><img alt=\"Khi kết nối Bluetooth thành công\" src=\"https://gshockvn.net/wp-content/uploads/huong-dan-cach-dung-dong-ho-g-shock-de-tim-dien-thoai-1.jpg\" style=\"height:457px; width:600px\" /></p>\r\n\r\n<p><strong>Bước 5</strong>: Để&nbsp;<strong>tắt kết nối</strong>&nbsp;h&atilde;y bấm&nbsp;<strong>giữ n&uacute;t B</strong>&nbsp;khoảng&nbsp;<strong>1 gi&acirc;y</strong>. (L&uacute;c n&agrave;y đĩa tr&ograve;n ở vị tr&iacute; 9 giờ sẽ xoay vạch đen về chữ&nbsp;<strong>OFF</strong>).</p>\r\n\r\n<p><strong>D&ugrave;ng đồng hồ để t&igrave;m điện thoại</strong></p>\r\n\r\n<p><strong>Bước 1</strong>: Bấm giữ&nbsp;<strong>n&uacute;t B</strong>&nbsp;để tắt kết nối đồng hồ với điện thoại nếu n&oacute; đang bật.</p>\r\n\r\n<p><strong>Bước 2</strong>: Đảm bảo l&agrave; đồng hồ đang ở chế độ xem thời gian (chế độ b&igrave;nh thường).</p>\r\n\r\n<p><strong>Bước 3</strong>: Bấm&nbsp;<strong>giữ n&uacute;t D</strong>&nbsp;khoảng 1 gi&acirc;y (đến khi thấy m&agrave;n h&igrave;nh tr&ecirc;n của đồng hồ hiển thị d&ograve;ng chữ&nbsp;<strong>FINDING</strong>). H&atilde;y chờ đợi một &iacute;t l&acirc;u, điện thoại sẽ ph&aacute;t ra &acirc;m thanh lớn để bạn t&igrave;m ra n&oacute; ở đ&acirc;u.</p>\r\n\r\n<p><img alt=\"Tính năng tìm kiếm điện thoại đã được kích hoạt\" src=\"https://gshockvn.net/wp-content/uploads/huong-dan-cach-dung-dong-ho-g-shock-de-tim-dien-thoai-3.jpg\" style=\"height:457px; width:600px\" /></p>\r\n\r\n<p><strong>Bước 4</strong>: Bấm bất cứ n&uacute;t n&agrave;o để điện thoại dừng ph&aacute;t ra &acirc;m thanh.</p>\r\n\r\n<p><strong>Lưu &yacute;</strong>: Trong qu&aacute; t&igrave;nh thực hiện t&iacute;nh năng n&agrave;y, t&igrave;nh trạng &ldquo;<strong>LINK LOST</strong>&rdquo; c&oacute; thể xảy ra, h&atilde;y chờ đợi một thời gian để tự động kết nối trở lại hoặc khởi động lại c&aacute;c app v&agrave; tắt rồi bật lại bluetooth tr&ecirc;n đồng hồ.</p>\r\n\r\n<h3>2Những lưu &yacute; khi d&ugrave;ng đồng hồ G-shock t&igrave;m điện thoại</h3>\r\n\r\n<p>&ndash; Chắc chắc rằng đồng hồ của bạn đ&atilde; được bật Bluetooth. X&aacute;c nhận bằng biểu tượng bluetooth diện l&ecirc;n tr&ecirc;n mặt đồng hồ.</p>\r\n\r\n<p>&ndash; Kh&ocirc;ng sử dụng chức năng này ở những khu vực c&acirc;́m &acirc;m thanh đi&ecirc;̣n thoại.</p>\r\n\r\n<p>&ndash; Chức năng này có th&ecirc;̉ khi&ecirc;́n điện thoại ph&aacute;t ra &acirc;m lượng lớn và làm hỏng thính giác của bạn. Kh&ocirc;ng k&iacute;ch hoạt hoạt động của c&ocirc;ng cụ t&igrave;m điện thoại khi đang nghe điện thoại bằng tai nghe.</p>\r\n\r\n<p>&ndash; T&iacute;nh năng t&igrave;m kiếm điện thoại bằng đồng hồ G-Shock chỉ c&oacute; thể thực hiện được với điều kiện l&agrave; điện thoại vẫn nằm trong phạm vi phủ s&oacute;ng Bluetooth. Điện thoại cũng phải đang bật app G-SHOCK+ (kh&ocirc;ng được đặt ở chế độ chạy nền) v&agrave; bật Bluetooth.</p>\r\n');

-- --------------------------------------------------------

--
-- Cấu trúc bảng cho bảng `orders`
--

CREATE TABLE `orders` (
  `order_id` int(10) UNSIGNED NOT NULL,
  `customer_name` varchar(60) COLLATE utf8_unicode_ci NOT NULL,
  `phone` varchar(15) COLLATE utf8_unicode_ci NOT NULL,
  `email` varchar(200) COLLATE utf8_unicode_ci NOT NULL,
  `order_date` datetime NOT NULL,
  `address` varchar(255) COLLATE utf8_unicode_ci NOT NULL,
  `note` varchar(255) COLLATE utf8_unicode_ci NOT NULL
) ENGINE=InnoDB DEFAULT CHARSET=utf8 COLLATE=utf8_unicode_ci;

--
-- Đang đổ dữ liệu cho bảng `orders`
--

INSERT INTO `orders` (`order_id`, `customer_name`, `phone`, `email`, `order_date`, `address`, `note`) VALUES
(1, 'Nguyễn Văn Mạnh', '0766543667', 'manh@gmail.com', '2022-11-06 17:27:11', 'Số 6 đường Ông Ích Khiêm, Thạch Thang, Hải Châu, Đà Nẵng', 'giao hàng cuối tuần'),
(6, 'Nguyễn Văn Lợi', '0977653446', 'loi@gmail.com', '2022-11-08 16:50:44', 'số 44 Hai Bà Trưng, Điện Phong, Điện Bàn, Quảng Nam', 'giao hàng trong tuần'),
(15, 'Việt Nguyễn', '0898888983', 'viet@gmail.com', '2022-11-11 17:46:45', 'số 2 ông ích khiêm, Phường Thạch Thang, Quận Hải Châu, Thành phố Đà Nẵng', ''),
(23, 'Nguyễn Qúy', '0788567445', 'aaa@gmail.com', '2022-11-11 23:54:46', 'số 2 Phạm Tuân, Xã Văn Quán, Huyện Lập Thạch, Tỉnh Vĩnh Phúc', 'gửi hàng vào buổi chiều nhé shop'),
(24, 'Ngô Xuân Hiếu', '0777568445', 'hieu@gmail.com', '2022-11-12 23:47:28', 'số 44 Trần Quang Trung, Đống Đa, Hà Nội', 'Giao giúp vào buổi chiều'),
(25, 'Trần Qúy', '0777566421', 'quy@gmail.com', '2022-11-13 22:20:14', 'số 44 Trần Quang Trung, Phường Vĩnh Điện, Thị xã Điện Bàn, Tỉnh Quảng Nam', 'giao cho tôi vào các buổi chiều trong tuần'),
(26, 'Nguyễn Long', '0977658866', 'long@gmail.com', '2022-11-13 22:37:08', 'số 44 Trần Quang Trung, Xã Đại Lãnh, Huyện Đại Lộc, Tỉnh Quảng Nam', 'giao cho tôi vào buổi sáng hằng ngày'),
(27, 'Nguyễn Long', '0977658866', 'long@gmail.com', '2022-11-13 22:37:31', 'số 44 Trần Quang Trung, Xã Đại Lãnh, Huyện Đại Lộc, Tỉnh Quảng Nam', 'giao cho tôi vào buổi sáng hằng ngày'),
(28, 'Việt Nguyễn', '0898888983', 'viet@gmail.com', '2022-11-13 22:48:10', 'số 2 ông ích khiêm, Phường Thạch Thang, Quận Hải Châu, Thành phố Đà Nẵng', 'giao vào cuối tuần nhé shop'),
(29, 'Nguyễn Long', '0977658866', 'long@gmail.com', '2022-11-15 00:13:14', 'số 2 ông ích khiêm, Xã Ngọc Châu, Huyện Tân Yên, Tỉnh Bắc Giang', ''),
(30, 'Nguyễn Long', '0977658866', 'long@gmail.com', '2022-11-15 00:14:15', 'số 2 ông ích khiêm, Xã Ngọc Châu, Huyện Tân Yên, Tỉnh Bắc Giang', ''),
(31, 'Việt Nguyễn', '0898888983', 'viet@gmail.com', '2022-11-17 22:49:15', 'số 2 ông ích khiêm, Phường Thạch Thang, Quận Hải Châu, Thành phố Đà Nẵng', 'giao buổi sáng hàng ngày'),
(32, 'Việt Nguyễn', '0898888983', 'viet@gmail.com', '2022-11-17 22:51:37', 'số 2 ông ích khiêm, Phường Thạch Thang, Quận Hải Châu, Thành phố Đà Nẵng', ''),
(33, 'Việt Nguyễn', '0898888983', 'viet@gmail.com', '2022-11-18 09:33:28', 'số 2 ông ích khiêm, Phường Thạch Thang, Quận Hải Châu, Thành phố Đà Nẵng', ''),
(34, 'Việt Nguyễn', '0898888983', 'viet@gmail.com', '2022-11-18 10:49:16', 'số 2 ông ích khiêm, Phường Thạch Thang, Quận Hải Châu, Thành phố Đà Nẵng', ''),
(35, 'Việt Nguyễn', '0898888983', 'viet@gmail.com', '2022-11-18 21:07:13', 'số 2 ông ích khiêm, Phường Thạch Thang, Quận Hải Châu, Thành phố Đà Nẵng', 'giao cho tôi buổi sáng hàng ngày'),
(36, 'Việt Nguyễn', '0898888983', 'viet@gmail.com', '2022-11-18 21:10:20', 'số 2 ông ích khiêm, Phường Thạch Thang, Quận Hải Châu, Thành phố Đà Nẵng', 'giao hàng nhanh giúp mình');

-- --------------------------------------------------------

--
-- Cấu trúc bảng cho bảng `order_detail`
--

CREATE TABLE `order_detail` (
  `order_detail_id` int(10) UNSIGNED NOT NULL,
  `order_id` int(10) NOT NULL,
  `product_id` int(10) NOT NULL,
  `quantity` int(10) NOT NULL
) ENGINE=InnoDB DEFAULT CHARSET=utf8 COLLATE=utf8_unicode_ci;

--
-- Đang đổ dữ liệu cho bảng `order_detail`
--

INSERT INTO `order_detail` (`order_detail_id`, `order_id`, `product_id`, `quantity`) VALUES
(1, 1, 1, 2),
(3, 6, 4, 3),
(7, 15, 5, 2),
(15, 23, 5, 2),
(16, 24, 4, 2),
(17, 25, 39, 2),
(18, 26, 5, 3),
(19, 27, 5, 3),
(20, 28, 37, 2),
(21, 29, 24, 2),
(22, 30, 37, 2),
(23, 31, 37, 1),
(24, 32, 38, 2),
(25, 32, 37, 1),
(26, 33, 37, 1),
(27, 33, 36, 1),
(28, 33, 32, 2),
(29, 33, 31, 1),
(30, 34, 38, 2),
(31, 34, 33, 1),
(32, 34, 31, 1),
(33, 35, 0, 0),
(34, 35, 39, 2),
(35, 35, 38, 1),
(36, 35, 36, 1),
(37, 36, 39, 3);

-- --------------------------------------------------------

--
-- Cấu trúc bảng cho bảng `products`
--

CREATE TABLE `products` (
  `product_id` int(10) UNSIGNED NOT NULL,
  `name` varchar(50) COLLATE utf8_unicode_ci NOT NULL,
  `price` int(15) NOT NULL,
  `sale_off` int(15) NOT NULL,
  `picture` varchar(255) COLLATE utf8_unicode_ci NOT NULL,
  `product_detail` varchar(20000) COLLATE utf8_unicode_ci NOT NULL,
  `categories_id` int(10) NOT NULL
) ENGINE=InnoDB DEFAULT CHARSET=utf8 COLLATE=utf8_unicode_ci;

--
-- Đang đổ dữ liệu cho bảng `products`
--

INSERT INTO `products` (`product_id`, `name`, `price`, `sale_off`, `picture`, `product_detail`, `categories_id`) VALUES
(1, 'GST-B100-1ADR', 10879000, 22, 'gst-b100-1adr.png', 'Casio G-shock G-Steel GST-B100D-1A Tough Solar năng lượng mặt trời, kết nối Bluetooth\n\nMang thương hiệu Casio G-Shock, dòng đồng hồ Casio nổi tiếng với khả năng chống va đập cực tốt, khả năng chống nước giúp người sử dụng thoải mái tham gia các hoạt động dưới nước, cùng thiết kế thời trang, khỏe khoắn.\n\nSở hữu những đặc điểm của G-shock G-steel – đột phá mới của Casio G-shock trong thế kỷ XXI về chất liệu đồng hồ. Sử dụng chất liệu chủ đạo là kim loại, các sản phẩm G-shock G-steel có dáng vẻ cao cấp, chắc chắn và sang trọng, lịch lãm hơn so với các tiền bối G-shock của mình.\n\nThuộc dòng G-Steel Bluetooth GST-B100, dòng G-shock có nhiều tính năng nổi bật như pin năng lượng mặt trời Tough Solar, kết nối Bluetooth với điện thoại thông minh để chỉnh giờ, đặt báo thức, tìm điện thoại… Vị trí 9 giờ của đồng hồ có hình ảnh cánh quay đa chức năng – với thiết kế cách điệu từ hình ảnh cánh quạt – có chức năng hiển thị các chế độ khác nhau của đồng hồ. G-shock GST-B100D-1A là mẫu đồng hồ cao cấp tích hợp nhiều tính năng và thiết kế đột phá.\n\nMặt đồng hồ ở vị trí 9 giờ có đĩa xoay đa chức năng được chế tạo để mô phỏng các cánh quạt dày của động cơ phản lực. Khi các cánh này xoay, màu đỏ đằng sau đĩa sẽ hiện ra và sự thay đổi về màu sắc này được sử dụng để thông báo mức pin cũng như cài đặt bật/tắt báo thức. Các cánh này cũng xoay ở chế độ Hiển thị giờ hiện hành và Đồng hồ bấm giờ để biểu thị thời gian đã trôi qua.\nCấu trúc bảo vệ lớp mới bao phủ các bộ phận đệm bằng nhựa bên trong vỏ, đồng thời mang đến thiết kế thanh lịch hơn và cảm giác vừa vặn hơn khi đeo trên cổ tay. Công nghệ ghép mật độ cao có khả năng tạo ra mô-đun nhỏ gọn hơn và thanh mảnh hơn. Điều này cũng góp phần tạo nên cảm giác vừa vặn hơn khi đeo.\nNhững chiếc đồng hồ này được trang bị Bluetooth® cho phép thiết bị kết nối với điện thoại thông minh khi bấm nút. Đồng hồ còn có khả năng tải thông tin về thời gian từ máy chủ thời gian trên internet. Nhờ đó, bạn có thể xem giờ hiện hành chính xác dù ở bất kỳ đâu trên thế giới.\nCác chức năng khác bao gồm Tough Solar kết hợp với công nghệ tiết kiệm năng lượng gốc của CASIO để cung cấp năng lượng ổn định, cho phép đèn LED có độ sáng cao và hiển thị Giờ thế giới hai vòng quay.\nTrong khi GST-B100D có dây đeo bằng thép không gỉ đơn giản thì GST-B100 có vỏ chắc chắn và dây đeo bằng uretan.\n\nChức năng Kết nối điện thoại thông minh\n(khoảng 300 thành phố Giờ thế giới, báo thức, bấm giờ, hiệu chỉnh vị trí kim, chuyển đổi giờ địa phương, phone finder)\nChỉ báo mức pin\nCấu trúc bảo vệ lớp mới\nTough Solar\nGiờ thế giới hai vòng quay (Chỉ báo đồng thời thời gian hiện tại ở hai địa điểm.)\nĐèn LED có độ sáng cao\nBluetooth® V4.0 (năng lượng thấp)\nĐồng hồ được trang bị công nghệ Bluetooth® tiết kiệm năng lượng, cung cấp truyền dữ liệu tiết kiệm năng lượng chỉ bằng một nút. Đồng hồ có thể kết nối với điện thoại thông minh không dây qua Bluetooth®, cho phép truy cập vào một loạt các chức năng hữu ích.\n\nĐèn LED\nMột đèn LED (light-emitting diode) được sử dụng để chiếu sáng mặt đồng hồ.\n\nChống sốc\nXây dựng chống sốc bảo vệ chống va đập và va chạm.\n\nChống rung\ncác yếu tố alphaGEL bao quanh đồng hồ, làm cho nó thậm chí còn chống lại các cú sốc và rung động. alphaGEL là chất liệu silicon. Nó rất linh hoạt và có hiệu ứng đệm trên mô-đun.\n\nNăng lượng mặt trời\nMột pin mặt trời cung cấp năng lượng cho hoạt động.\n\nNeo-hiển thị\nLớp phủ sáng phát ra ánh sáng dài trong bóng tối sau khi chỉ tiếp xúc với ánh sáng ngắn.\n\nChức năng xem giờ thế giới\nHiển thị thời gian hiện tại ở các thành phố lớn và các khu vực cụ thể trên khắp thế giới.\n\nHiển thị thời gian kép\n\nNgày và ngày trong tuần\nNgày hiện tại và ngày trong tuần đều được hiển thị.\n\nChức năng đồng hồ bấm giờ – 24 giờ\nThời gian trôi qua là các biện pháp có độ chính xác gấp đôi. Đồng hồ có thể đo thời gian lên đến 24 giờ.\n\nBộ hẹn giờ – 1/1 giây. – 24 giờ\nĐối với người hâm mộ chính xác: bộ tính giờ đếm ngược giúp bạn nhớ những sự kiện cụ thể hoặc lặp lại bằng cách tắt tín hiệu âm thanh ở một thời điểm định trước. Họ Thời gian có thể được đặt ở vị trí gần nhất và lên đến 24 giờ trước.\n\nBáo thức hàng ngày\nBáo thức hàng ngày nhắc nhở bạn về các sự kiện được lặp lại hàng ngày bằng cách phát ra tín hiệu nghe vào thời điểm định sẵn.\n\nNúm vặn tiện dụng\nBảo đảm nút vương miện từ sự thay đổi ngẫu nhiên sang chế độ hoạt động khác.\n\nCông nghệ truy cập thông minh\nSmart Access giúp dễ dàng sử dụng đồng hồ đa chức năng. Đơn giản chỉ cần kéo ra và xoay vương miện cung cấp kiểm soát trực quan trên tất cả các chức năng\n\nTìm điện thoại\nĐã đặt sai điện thoại thông minh của bạn? Chỉ cần nhấn nút trên đồng hồ của bạn và điện thoại thông minh sẽ báo động.\n\nLịch tự động\nSau khi thiết lập, lịch tự động luôn hiển thị ngày chính xác.\n\nĐịnh dạng 12/24 giờ\nThời gian có thể được hiển thị theo định dạng 12 giờ hoặc 24 giờ.\n\nMặt kính bằng đá khoáng\nThủy tinh cứng rắn chống lại sự xước.\n\nVỏ bằng thép không gỉ\n\nDây bằng thép không gỉ\nMạnh mẽ, bền và thanh lịch: Dây đeo tay bằng thép không rỉ bằng thép không gỉ giúp cho đồng hồ của bạn có cảm giác cổ điển, chất lượng cao.\n\nChống nước ở độ sâu 200 mét\nHoàn hảo cho lặn miễn phí mà không có thiết bị lặn: đồng hồ có khả năng chịu nước lên đến 20 bar theo tiêu chuẩn ISO 22810.\n\nVật liệu vỏ / gờ: Nhựa / Thép không gỉ\nChốt gập 3 chỉ với một lần bấm\nDây đeo kim loại\nDây đeo bằng thép không gỉ\nChống va đập\nNeobrite\nMặt kính khoáng\nNúm vặn khóa bằng vít\nChống nước ở độ sâu 200 mét\nChạy bằng năng lượng mặt trời\nĐèn LED (Chiếu sáng cực mạnh)\nPhát sáng sau\nMobile link (Kết nối không dây sử dụng Bluetooth®)\nChế độ giờ kép (Chuyển đổi giờ địa phương)\nĐồng hồ bấm giờ 1 giây\nKhả năng đo: 11:59 CH’59\nChế độ đo: ngắt giờ\nĐồng hồ đếm ngược\nĐơn vị đo: 1 giây\nKhoảng đếm ngược: 24 giờ\nKhoảng cài đặt thời gian bắt đầu đếm ngược: 1 phút đến 24 giờ (khoảng tăng 1 phút và khoảng tăng 1 giờ)\nBáo thức hàng ngày\nChỉ báo mức pin\nTiết kiệm năng lượng (các kim dừng để tiết kiệm năng lượng khi để đồng hồ trong bóng tối)\nLịch hoàn toàn tự động (đến năm 2099)\nHiển thị ngày\nNgày tháng\nGiờ hiện hành thông thường\nĐồng hồ kim: 3 kim (giờ, phút (kim di chuyển 10 giây một lần), giây),\n3 mặt số (giờ và phút đồng hồ kép, màn hình đồng hồ kép biểu thị 24h, ngày)\nĐộ chính xác: ±15 giây một tháng (không có chức năng Mobile Link)\nThời gian hoạt động xấp xỉ của pin:\n5 tháng đối với pin sạc lại được (thời gian hoạt động nếu sử dụng bình thường mà không tiếp xúc với ánh sáng sau khi sạc)\n24 tháng đối với pin sạc lại được (thời gian hoạt động khi được giữ trong bóng tối hoàn toàn với chức năng tiết kiệm năng lượng được bật sau khi sạc đầy)\nKích thước vỏ : 58,1×53,8×14,1mm\nTổng trọng lượng : 185g', 1),
(2, 'GST-S110-1ADR', 8027000, 34, 'gst-s110-1adr.png', 'Mang thương hiệu Casio G-Shock, dòng đồng hồ Casio nổi tiếng với khả năng chống va đập cực tốt, khả năng chống nước giúp người sử dụng thoải mái tham gia các hoạt động dưới nước, cùng thiết kế thời trang, khỏe khoắn.\r\n\r\nSở hữu những đặc điểm của G-shock G-steel – đột phá mới của Casio G-shock trong thế kỷ XXI về chất liệu đồng hồ. Sử dụng chất liệu chủ đạo là kim loại, các sản phẩm G-shock G-steel có dáng vẻ cao cấp, chắc chắn và sang trọng, lịch lãm hơn so với các tiền bối G-shock của mình.\r\n\r\nThuộc dòng G-Steel tough solar GST-S120 (GST-S130, GST-S110), dòng G-shock sở hữu đầy đủ những vẻ đẹp tinh tế của G-shock G-steel cũng như pin mặt trời Tough solar tiện lợi. Sự kết hợp giữa kim loại và nhựa làm nên những chiếc đồng hồ lịch lãm sang trọng mà không kém phần mạnh mẽ. Thiết kế 4 vít kim loại ở 4 góc màn hình là điểm nhận biết đặc trưng của dòng G-steel này.\r\n\r\nG-shock G-Steel GST-S110-1A có gờ được làm bằng các vật liệu khác nhau để tạo nên cấu trúc hai lớp giúp tăng kích thước chống va đập. Đối với các mẫu sử dụng thép không ở phần trên, nhựa hấp thụ va đập sẽ được sử dụng ở phần dưới. Nếu nhựa được sử dụng ở phần trên, nhựa tinh xảo được sử dụng ở phần dưới để chống tác động từ phần trên. Điều này cũng cho phép tạo nhiều kiểu thiết kế khác nhau.\r\nMẫu G-Shock G-Steel GST-S110 thể hiện độ cứng và vẻ đẹp của kim loại.\r\nTính năng chuyển kim tạm thời dịch chuyển kim qua một bên khi nhấn nút giúp dễ đọc các nội dung hiển thị trên màn hình kỹ thuật số trong khi hai đèn LED chiếu sáng bề mặt giúp thông tin luôn dễ đọc.\r\n\r\n• Cấu trúc bảo vệ lớp\r\n• Tough Solar\r\n• Tính năng chuyển kim\r\n• Hai đèn LED chiếu sáng mặt và màn hình kỹ thuật số giúp cực kỳ dễ đọc.\r\n\r\nVật liệu vỏ / gờ: Thép không gỉ / Nhựa\r\nDây đeo bằng cao su\r\nMặt kính khoáng\r\nNeobrite\r\nChống va đập\r\nChống nước ở độ sâu 200 mét\r\nHai đèn LED\r\nĐèn LED cho mặt đồng hồ (Đèn LED tự động hoàn toàn, thời lượng chiếu sáng có thể lựa chọn, phát sáng sau)\r\nĐèn LED cực tím cho màn hình số (Đèn LED tự động hoàn toàn, thời lượng chiếu sáng có thể lựa chọn, phát sáng sau)\r\nChạy bằng năng lượng mặt trời\r\nGiờ thế giới\r\n31 múi giờ (48 thành phố + giờ phối hợp quốc tế), bật/tắt tiết kiệm ánh sáng ban ngày\r\nĐồng hồ bấm giờ 1/100 giây\r\nKhả năng đo: 59’59.99”\r\nChế độ đo: Thời gian đã trôi qua, ngắt giờ, thời gian về đích thứ nhất-thứ hai\r\nĐồng hồ đếm ngược\r\nĐơn vị đo: 1 giây\r\nKhoảng đếm ngược: 100 phút\r\nKhoảng cài đặt thời gian bắt đầu đếm ngược: 1 giây đến 100 phút (khoảng tăng 1 giây, khoảng tăng 1 phút)\r\n5 chế độ báo giờ hàng ngày\r\nTín hiệu thời gian hàng giờ\r\nTính năng chuyển kim (Kim dịch chuyển qua một bên để không che kết quả hiển thị trên màn hình kỹ thuật số).\r\nTiết kiệm năng lượng (màn hình trống để tiết kiệm năng lượng khi để đồng hồ trong bóng tối)\r\nLịch hoàn toàn tự động (đến năm 2099)\r\nĐịnh dạng giờ 12/24\r\nBật/tắt âm nhấn nút\r\nĐộ chính xác: ±15 giây một tháng\r\nGiờ hiện hành thông thường\r\nĐồng hồ kim: 2 kim (giờ, phút)\r\nĐồng hồ số: Giờ, phút, giây, chiều, tháng, ngày\r\nThời gian hoạt động xấp xỉ của pin:\r\n8 tháng đối với pin sạc lại được (thời gian hoạt động nếu sử dụng bình thường mà không tiếp xúc với ánh sáng sau khi sạc)\r\n19 tháng đối với pin sạc lại được (thời gian hoạt động khi được lưu trữ trong bóng tối hoàn toàn với chức năng tiết kiệm năng lượng được bật sau khi sạc đầy)\r\nKích thước vỏ : 59,1×52,4×16,1mm\r\nTổng trọng lượng : 108g', 1),
(3, 'LOBINNI NO.2060-4', 7790000, 35, 'Hinh-1668310571.png', '<p>NỔI BẬT VỚI VẺ ĐẸP DỊU D&Agrave;NG, TINH TẾ TR&Ecirc;N CỔ TAY</p>\r\n\r\n<p>L&agrave;m đẹp kh&ocirc;ng chỉ thể hiện tr&ecirc;n gương mặt m&agrave; c&ograve;n ở bộ quần &aacute;o đang mặc, chiếc đồng hồ đang đeo hay đ&ocirc;i gi&agrave;y đang đi. Ch&uacute;ng thể hiện phong th&aacute;i v&agrave; đẳng cấp của ph&aacute;i đẹp.</p>\r\n\r\n<p>Sở hữu Lobinni No.2060 tr&ecirc;n tay, c&ocirc; n&agrave;ng trở n&ecirc;n tự tin v&agrave; nổi bật hơn.</p>\r\n\r\n<p>- Mặt số khảm trai v&ocirc; c&ugrave;ng nổi bật, tạo n&ecirc;n hiệu ứng kh&aacute; h&uacute;t mắt.</p>\r\n\r\n<p>- Khung vỏ được l&agrave;m từ th&eacute;p kh&ocirc;ng gỉ 316L, kết hơp c&ugrave;ng mạ PVD s&aacute;ng b&oacute;ng. Ngo&agrave;i ra, cỗ m&aacute;y được đ&iacute;nh đ&aacute; ở phần niềng đồng hồ tạo cảm gi&aacute;c sang trọng hơn, cuốn h&uacute;t hơn.</p>\r\n\r\n<p>- Điểm nhấn của si&ecirc;u phẩm n&agrave;y nằm ở mặt số với biểu tượng ch&uacute; c&aacute; nhảy may mắn &yacute; nghĩa mang tới sự sung t&uacute;c, vương giả v&agrave; thịnh vượng..</p>\r\n\r\n<p>- Sở hữu thiết kế sang trọng , chất liệu cao cấp, cỗ m&aacute;y bền bỉ, đồng hồ nữ Lobinni No.2060 kh&ocirc;ng chỉ l&agrave; một phụ kiện xem giờ m&agrave; c&ograve;n trở th&agrave;nh biểu tượng tạo dựng n&ecirc;n phong c&aacute;ch ri&ecirc;ng của chủ sở hữu.</p>\r\n\r\n<p>- Cỗ m&aacute;y n&agrave;y ch&iacute;nh l&agrave; phụ kiện m&agrave; mọi c&ocirc; g&aacute;i y&ecirc;u th&iacute;ch!</p>\r\n\r\n<p>- Đ&acirc;y cũng l&agrave; một m&oacute;n qu&agrave; m&agrave; đ&agrave;n &ocirc;ng n&ecirc;n hướng tới để d&agrave;nh tặng cho người m&igrave;nh y&ecirc;u thương!</p>\r\n\r\n<h2>Đặc điểm</h2>\r\n\r\n<p>Nh&atilde;n hiệu&nbsp;LOBINNI</p>\r\n\r\n<p>M&atilde; sản phẩm&nbsp;No.2060-4</p>\r\n\r\n<p>Giới t&iacute;nh&nbsp;Nữ</p>\r\n\r\n<p>Kiểu m&aacute;y&nbsp;Automatic (M&aacute;y Cơ)</p>\r\n\r\n<p>Đường k&iacute;nh mặt&nbsp;34 mm</p>\r\n\r\n<p>Độ d&agrave;y&nbsp;9 mm</p>\r\n\r\n<p>Chất liệu vỏ&nbsp;Th&eacute;p kh&ocirc;ng gỉ 316L</p>\r\n\r\n<p>Chất liệu d&acirc;y&nbsp;D&acirc;y da cao cấp</p>\r\n\r\n<p>Chất liệu mặt k&iacute;nh&nbsp;Sapphire Crystal</p>\r\n\r\n<p>Khả năng chịu nước&nbsp;5 ATM</p>\r\n\r\n<p>Bảo h&agrave;nh&nbsp;24 th&aacute;ng</p>\r\n', 6),
(4, 'BA-120TG-4ADR', 4125000, 31, 'ba-120tg-4adr.png', 'Casio Baby-G BA-120LP-7A2 – G-shock GA-120 phiên bản nữ\n\nThuộc dòng BA-120LP-7A2DR – dòng baby-g kim số được mệnh danh là G-shock GA-120 phiên bản nữ; BA-120LP-7A2 với ,ặt số ở vị trí 6 giờ và 9 giờ của mẫu đồng hồ kim-số này được bố trí dễ đọc.\nĐiều này hơn nữa tạo một thiết kế dày dặn rất phù hợp với trang phục xuống phố cũng như thời trang thường ngày.\n\nChống va đập\nKhả năng chống nước ở độ sâu 100 mét\nĐèn LED\nGiờ thế giới\n29 múi giờ (48 thành phố + giờ phối hợp quốc tế), hiển thị mã thành phố, bật/tắt tiết kiệm ánh sáng ban ngày\nĐồng hồ bấm giờ 1/100 giây\nKhả năng đo: 23:59’59.99”\nChế độ đo: Thời gian đã trôi qua, ngắt giờ, thời gian về đích thứ nhất-thứ hai\nĐồng hồ đếm ngược\nĐơn vị đo: 1 giây\nKhoảng đếm ngược: 24 giờ\nKhoảng cài đặt thời gian bắt đầu đếm ngược: 1 phút đến 24 giờ (khoảng tăng 1 phút và khoảng tăng 1 giờ)\n5 chế độ báo giờ hàng ngày (với 1 chế độ báo lặp)\nTín hiệu thời gian hàng giờ\nLịch hoàn toàn tự động (đến năm 2099)\nĐịnh dạng giờ 12/24\nBật/tắt âm nhấn nút\nGiờ hiện hành thông thường\nĐồng hồ kim: 2 kim (giờ, phút (kim di chuyển 20 giây một lần))\nĐồng hồ số: Giờ, phút, giây, chiều, tháng, ngày, thứ\nĐộ chính xác: ±30 giây một tháng\nTuổi thọ pin xấp xỉ: 2 năm với pin SR726W × 2\nKích thước vỏ/ Tổng trọng lượng\nKích thước vỏ: 46,3 × 43,4 × 15,8 mm\nTổng trọng lượng: 44,9 g', 2),
(5, 'GST-400G-1A9DR', 7613000, 28, 'gst-400g-1a9dr.png', 'Casio G-Shock GST-400G-1A9 – Mặt, vít và vỏ hộp của GST-400G có màu vàng tăng thêm nét thanh lịch cho thiết kế tổng thể.\r\nTừ G-SHOCK, thương hiệu đồng hồ không ngừng đặt ra các tiêu chuẩn mới về độ bền đồng hồ hiển thị giờ hiện hành, đã phát triển thiết kế G-STEEL hoàn toàn mới kết hợp các loại chất liệu khác nhau.\r\nMẫu kết hợp giữa đồng hồ kim và đồng hồ kỹ thuật số này hòa quyện nhiều chi tiết nhỏ ở mặt đồng hồ, tạo nên dáng vẻ của một hệ thống thiết bị đa chiều. Mặt, vít và vỏ hộp của GST-400G có màu vàng tăng thêm nét thanh lịch cho thiết kế tổng thể.\r\nCác tính năng gồm có đồng hồ bấm giờ với khả năng định thời lên tới 1.000 giờ và khả năng chống từ ISO764 giúp bảo vệ đồng hồ khỏi từ trường mà điện thoại hoặc máy tính tạo ra. Đèn LED Tự động có độ sáng cao cung cấp nhiều ánh sáng để dễ đọc trong bóng tối.\r\n\r\nĐồng hồ bấm giờ lên tới 1000 giờ\r\nChống từ lớp ISO764\r\nĐèn tự động chiếu sáng cực mạnh\r\nThông số kỹ thuật Casio G-Shock GST-400G-1A9\r\nVật liệu vỏ / gờ: Nhựa / Thép không gỉ\r\nDây đeo bằng nhựa\r\nNeobrite\r\nChống từ\r\nChống va đập\r\nMặt kính khoáng\r\nChống nước ở độ sâu 200 mét\r\nĐèn LED (Chiếu sáng cực mạnh)\r\nCông tắc đèn tự động, thời lượng chiếu sáng có thể lựa chọn (1,5 giây hoặc 3 giây), phát sáng sau\r\nGiờ thế giới\r\n31 múi giờ (48 thành phố + giờ phối hợp quốc tế), bật/tắt tiết kiệm ánh sáng ban ngày, chuyển đổi Giờ địa phương/Giờ thế giới\r\nĐồng hồ bấm giờ 1/100 giây\r\nKhả năng đo: 999:59’59.99”\r\nChế độ đo: Thời gian đã trôi qua, ngắt giờ, thời gian về đích thứ nhất – thứ hai\r\nĐồng hồ đếm ngược\r\nĐơn vị đo: 1 giây\r\nKhoảng nhập: 1 phút đến 24 giờ (khoảng tăng 1 phút và khoảng tăng 1 giờ)\r\n5 chế độ báo thức hàng ngày (với 1 chế độ báo lặp)\r\nTín hiệu thời gian hàng giờ\r\nLịch hoàn toàn tự động (đến năm 2099)\r\nĐịnh dạng giờ 12/24\r\nBật/tắt âm nhấn nút\r\nGiờ hiện hành thông thường\r\nĐồng hồ kim: 2 kim (giờ, phút (kim di chuyển 20 giây một lần)), 1 mặt số (chỉ báo đồng hồ bấm giờ)\r\nĐồng hồ số: Giờ, phút, giây, chiều, tháng, ngày, thứ\r\nĐộ chính xác: ±15 giây một tháng\r\nTuổi thọ pin xấp xỉ: 3 năm với pin SR927W×2\r\nKích thước vỏ/ Tổng trọng lượng Casio G-Shock GST-400G-1A9\r\nKích thước vỏ : 59,1×52,4×16,1mm\r\nTổng trọng lượng : 97g', 1),
(6, 'GA-1100RG-1ADR', 7613000, 32, 'Hinh-1667800128.png', '<h3>CHI TIẾT SẢN PHẨM</h3>\r\n\r\n<p><strong>Casio G-shock GA-1100RG &ndash; G-shock chuy&ecirc;n dụng d&agrave;nh cho phi c&ocirc;ng: Chống chịu 3 loại lực kh&aacute;c nhau!</strong></p>\r\n\r\n<p>Mang thương hiệu Casio&nbsp;G-Shock, d&ograve;ng đồng hồ Casio&nbsp;nổi tiếng với khả năng chống va đập cực tốt, khả năng chống nước gi&uacute;p người sử dụng thoải m&aacute;i tham gia c&aacute;c hoạt động dưới nước, c&ugrave;ng thiết kế thời trang, khỏe khoắn.</p>\r\n\r\n<p>Sở hữu những đặc điểm cảu G-shock Master of G &ndash; bậc thầy đi&ecirc;u luyện của c&aacute;c d&ograve;ng G-shock &ndash; l&agrave; t&ecirc;n gọi của những mẫu G-shock d&agrave;nh cho những người ưa th&iacute;ch kh&aacute;m ph&aacute; mạo hiểm, hoặc hoạt động trong những m&ocirc;i trường cực kỳ khắc nghiệt. T&ugrave;y v&agrave;o m&ocirc;i trường hoạt động l&agrave; rừng nhiệt đới hiểm độc, biển cả cuồn cuộn s&oacute;ng, hay bầu trời rộng bao la, m&agrave; mỗi d&ograve;ng Master of G sẽ c&oacute; những thiết kế, t&iacute;nh năng đi k&egrave;m đặc biệt.</p>\r\n\r\n<p>Thuộc d&ograve;ng Gravity master, d&ograve;ng G-shock chuy&ecirc;n dụng d&agrave;nh cho phi c&ocirc;ng. Những mẫu G-shock Gravity master c&oacute; thiết kế kim quay, mặt số được c&aacute;ch điệu từ h&igrave;nh ảnh chiến đấu cơ mạnh mẽ v&agrave; đẳng cấp. Kh&ocirc;ng như đa phần c&aacute;c mẫu G-shock chỉ c&oacute; kim giờ v&agrave; ph&uacute;t, d&ograve;ng đồng hồ n&agrave;y sở hữu 3 kim giờ, ph&uacute;t, gi&acirc;y. T&iacute;nh năng nổi bật nhất l&agrave; La b&agrave;n số v&agrave; TRIPPLE G RESIST: chống ba loại lực: rung lắc, rơi tự do, ly t&acirc;m ở tốc độ phi cơ &hellip;</p>\r\n\r\n<p>Thuộc d&ograve;ng G-shock Gravity Master&nbsp;&ndash; d&ograve;ng g-shock chuy&ecirc;n dụng d&agrave;nh cho phi c&ocirc;ng, G-shock GA-1100-9G c&oacute; cấu tr&uacute;c Tripple-G resist: chống được ba loại lực t&aacute;c động: lực va đập, lực rung lắc v&agrave; lực ly t&acirc;m ở tốc độ phi cơ.</p>\r\n\r\n<ul>\r\n	<li>Mặt k&iacute;nh kho&aacute;ng / Mặt k&iacute;nh h&igrave;nh cầu</li>\r\n	<li>Neobrite</li>\r\n	<li>Chống va đập</li>\r\n	<li>Chống nước ở độ s&acirc;u 200 mét</li>\r\n	<li>Vật liệu vỏ / gờ: Nhựa / Th&eacute;p kh&ocirc;ng gỉ</li>\r\n	<li>D&acirc;y đeo bằng nhựa</li>\r\n	<li>Đ&egrave;n LED (Chiếu s&aacute;ng cực mạnh)</li>\r\n	<li>C&ocirc;ng tắc đ&egrave;n tự động, thời lượng chiếu s&aacute;ng c&oacute; thể lựa chọn (1,5 hoặc 3 gi&acirc;y), ph&aacute;t s&aacute;ng sau</li>\r\n	<li>Giờ thế giới</li>\r\n	<li>31 m&uacute;i giờ (48 th&agrave;nh phố + giờ phối hợp quốc tế), hiển thị m&atilde; th&agrave;nh phố, bật/tắt tiết kiệm &aacute;nh s&aacute;ng ban ng&agrave;y</li>\r\n	<li>T&iacute;nh năng chuyển kim (Kim dịch chuyển qua một b&ecirc;n để kh&ocirc;ng che kết quả hiển thị tr&ecirc;n m&agrave;n h&igrave;nh kỹ thuật số).</li>\r\n	<li>La b&agrave;n số (NORTH)</li>\r\n	<li>Chỉ b&aacute;o kim hướng bắc (đo li&ecirc;n tục trong 60 gi&acirc;y)</li>\r\n	<li>Đo v&agrave; hiển thị hướng dưới dạng một trong 16 điểm</li>\r\n	<li>Khoảng đo: 0 đến 359&deg;</li>\r\n	<li>Đơn vị đo: 1&deg;</li>\r\n	<li>Hiệu chỉnh hai chiều</li>\r\n	<li>Điều chỉnh độ lệch từ</li>\r\n	<li>Nhiệt kế</li>\r\n	<li>Khoảng hiển thị: &ndash;10 đến 60&deg;C (14 đến 140&deg;F)</li>\r\n	<li>Đơn vị hiển thị: 0,1&deg;C (0,2&deg;F)</li>\r\n	<li>Đồng hồ bấm giờ 1/100 gi&acirc;y</li>\r\n	<li>Khả năng đo: 59&rsquo;59.99&rdquo;</li>\r\n	<li>Chế độ đo: Thời gian đ&atilde; tr&ocirc;i qua, ngắt giờ, thời gian về đ&iacute;ch thứ nhất-thứ hai</li>\r\n	<li>Đ&ocirc;̀ng h&ocirc;̀ đ&ecirc;́m ngược</li>\r\n	<li>Đơn vị đo: 1 gi&acirc;y</li>\r\n	<li>Khoảng đếm ngược: 60 ph&uacute;t</li>\r\n	<li>Khoảng c&agrave;i đặt thời gian bắt đầu đếm ngược: 1 ph&uacute;t đến 60 ph&uacute;t (khoảng tăng 1 ph&uacute;t)</li>\r\n	<li>5 chế độ b&aacute;o giờ h&agrave;ng ng&agrave;y</li>\r\n	<li>T&iacute;n hiệu thời gian h&agrave;ng giờ</li>\r\n	<li>Lịch ho&agrave;n to&agrave;n tự động (đến năm 2099)</li>\r\n	<li>Định dạng giờ 12/24</li>\r\n	<li>Bật/tắt &acirc;m nhấn n&uacute;t</li>\r\n	<li>Giờ hiện h&agrave;nh th&ocirc;ng thường</li>\r\n	<li>Giờ v&agrave; ph&uacute;t theo giờ thế giới</li>\r\n	<li>Đồng hồ kim: 3 kim (giờ, ph&uacute;t (kim di chuyển 10 gi&acirc;y một lần), gi&acirc;y)</li>\r\n	<li>Đồng hồ số: Giờ, ph&uacute;t, gi&acirc;y, chiều, th&aacute;ng, ng&agrave;y, thứ</li>\r\n	<li>Độ ch&iacute;nh x&aacute;c: &plusmn;15 gi&acirc;y một th&aacute;ng</li>\r\n	<li>Tuổi thọ pin xấp xỉ: 2 năm với pin SR927W &times; 2</li>\r\n	<li>K&iacute;ch thước vỏ:&ensp;50,8&ensp;&times;&ensp;52,1&ensp;&times;&ensp;16,6&ensp;mm</li>\r\n	<li>Tổng trọng lượng: 85 g</li>\r\n</ul>\r\n', 1),
(7, 'EQB-800D-1ADR', 13160000, 29, 'eqb-800d-1adr.png', 'Các tính năng\r\nMẫu đồng hồ hàng đầu mới RACE LAP CHRONOGRAPH kết hợp thiết kế năng động với công nghệ tiên tiến để tạo ra đồng hồ ghi thời gian thể thao hiệu suất cao.\r\nĐược trang bị “Công cụ kết nối” cho phép liên kết với điện thoại thông minh, mẫu này cung cấp hiệu suất ghi thời gian với thiết kế và chức năng lấy cảm hứng từ các môn thể thao đua xe.\r\nTham khảo ý kiến ​​của các thành viên trong đội đua chuyên nghiệp được EDIFICE hỗ trợ, chúng tôi đã bổ sung chỉ báo thời gian đích ở vị trí 12 giờ để đếm ngược 10 giây cuối cùng trước khi hết thời gian đích đã chỉ định. Trong cuộc đua, tính năng này cho phép kỹ sư đội đua xác định thời gian cần tiếp cận với xe để có thể ghi giá trị chính xác hơn trên bảng điểm. Khán giả cũng sẽ đánh giá cao khả năng đo thời gian của chiếc xe đua mà họ ủng hộ trong khi cuộc đua diễn ra trước mắt. Chỉ báo này cũng cho biết khoảng chênh lệch giữa thời gian vòng chạy và thời gian đích.\r\nCó thể gửi dữ liệu bấm giờ đo bằng đồng hồ tới điện thoại thông minh để hiển thị ở dạng đồ thị thời gian vòng chạy theo đơn vị 1/1000 giây. Tính năng kết nối cặp điện thoại thông minh cũng cho phép người dùng kiểm tra dữ liệu cuộc đua bằng nhiều cách khác nhau, vốn khó thực hiện nếu chỉ dùng đồng hồ, chẳng hạn như làm nổi bật vòng chạy trong đó xe đua vượt quá thời gian đích.\r\nMẫu này cũng thực hiện điều chỉnh thời gian tự động bốn lần một ngày bằng Hệ thống thời gian chính xác để đồng bộ hóa cài đặt giờ mùa hè của đồng hồ và múi giờ với điện thoại thông minh. Chức năng World Time (Giờ thế giới) cho phép bạn chọn hơn 300 múi giờ bằng ứng dụng điện thoại.\r\nĐiều này và nhiều tính năng khác giúp đồng hồ ghi thời gian thể thao EQB-800 trở thành lựa chọn hoàn hảo cho các tay đua và người hâm mộ đua xe thực thụ.\r\nChức năng Kết nối điện thoại thông minh\r\nĐiều chỉnh thời gian tự động (bốn lần một ngày)\r\nDễ dàng cài đặt đồng hồ\r\nGiờ thế giới cho khoảng 300 thành phố\r\nCài đặt báo thức hàng ngày\r\nChỉ báo thời gian đích\r\nTruyền dữ liệu đồng hồ bấm giờ (Hiển thị thời gian vòng chạy/ngắt giờ được đo ở đơn vị 1/1000 giây lên tới 100 mục nhập)\r\nCông cụ tìm điện thoại\r\nTough Solar\r\nDual Dial World Time (Giờ thế giới hai vòng quay)\r\nBáo giờ hàng ngày\r\nNgày tháng\r\nHiển thị ngày\r\nKhả năng chống nước ở độ sâu 100 mét\r\nĐặc điểm kỹ thuật\r\nVật liệu vỏ / gờ: Thép không gỉ\r\nChốt gập 3 chỉ với một lần bấm\r\nDây đeo kim loại\r\nDây đeo bằng thép không gỉ\r\nNeobrite\r\nMặt kính khoáng\r\nĐồng hồ tốc độ\r\nNúm vặn khóa bằng vít\r\nKhả năng chống nước ở độ sâu 100 mét\r\nChạy bằng năng lượng mặt trời\r\nMobile link (Kết nối không dây sử dụng Bluetooth®)\r\nGiờ kép (Chuyển đổi giờ địa phương)\r\nĐồng hồ bấm giờ 1/20 giây\r\nKhả năng đo: 23:59’59.95”\r\nChế độ đo: Thời gian đã trôi qua, ngắt giờ\r\nKhác: Màn hình thời gian chênh lệch (1 giây, 10 giây)\r\nBáo giờ hàng ngày\r\nChỉ báo mức pin\r\nLịch hoàn toàn tự động (đến năm 2099)\r\nTiết kiệm năng lượng (các kim dừng để tiết kiệm năng lượng khi để đồng hồ trong bóng tối)\r\nHiển thị ngày\r\nGiờ hiện hành thông thường\r\nĐồng hồ kim: 3 kim (giờ, phút (kim di chuyển 10 giây một lần), giây),\r\n4 mặt số (ngày, mức pin, giờ và phút (giờ kép), 24 giờ (giờ kép))\r\nĐộ chính xác: ±15 giây một tháng (không có chức năng Mobile Link)\r\nKích thước vỏ / Tổng trọng lượng\r\nKích thước vỏ : 53,5×49,2×13,1mm\r\nTổng trọng lượng : 199g', 3),
(8, 'EQB-501XBR', 13949000, 30, 'eqb-501xbr.png', 'Kết nối điện thoại thông minh\r\nHệ thống thời gian chính xác\r\nHỗ trợ hệ điều hành điện thoại mở rộng\r\nGiới thiệu mẫu mới bổ sung nhiều cải tiến cho Dòng đồng hồ Kết nối điện thoại thông minh EDIFICE EQB-501. Cải tiến đáng kể đầu tiên là độ chính xác cao hơn nhờ Hệ thống thời gian chính xác, vốn tự động truy cập máy chủ thời gian trên internet qua điện thoại bốn lần một ngày để đảm bảo cài đặt Giờ địa phương và Giờ thế giới hiện tại luôn chính xác.\r\nTiếp theo là bộ ghi thời gian thể thao mới với thiết kế sử dụng màu giống như đồng hồ tốc độ để chỉ báo tốc độ tại vị trí 4 giờ. Những cải tiến mới này cũng đi kèm với tất cả các chức năng phổ biến của Dòng EQB-501.\r\nChức năng chính của đồng hồ\r\nTough Solar\r\nDual Dial World Time (Giờ thế giới hai vòng quay)\r\nBáo giờ hàng ngày\r\nNgày tháng\r\nHiển thị ngày\r\nKhả năng chống nước ở độ sâu 100 mét\r\nChức năng Mobile link\r\nĐiều chỉnh thời gian tự động (bốn lần một ngày)\r\nDễ dàng cài đặt đồng hồ\r\nGiờ thế giới hai vòng quay (Chuyển đổi giờ địa phương)\r\nGiờ thế giới cho khoảng 300 thành phố\r\nCài đặt báo thức hàng ngày\r\nTruyền dữ liệu đồng hồ bấm giờ (Hiển thị thời gian vòng chạy/ngắt giờ được đo trong 1/1000 giây lên tới 100 mục nhập)\r\nCông cụ tìm điện thoại\r\nĐặc điểm kỹ thuật\r\nVật liệu vỏ / gờ: Thép không gỉ\r\nDây đeo kim loại\r\nDây đeo bằng thép không gỉ\r\nChốt gập 3 chỉ với một lần bấm\r\nNúm vặn khóa bằng vít\r\nĐồng hồ tốc độ\r\nMặt kính khoáng\r\nNeobrite\r\nGờ mạ ion màu đen\r\nKhả năng chống nước ở độ sâu 100 mét\r\nChạy bằng năng lượng mặt trời\r\nMobile link (Kết nối không dây sử dụng Bluetooth® )\r\nChế độ máy bay\r\nGiờ kép (Chuyển đổi giờ địa phương)\r\nĐồng hồ bấm giờ 1 giây\r\nKhả năng đo: 11:59 CH’59\r\nChế độ đo: Thời gian đã trôi qua, ngắt giờ\r\nKhác: Tốc độ (0 đến 300 đơn vị/giờ)\r\nBáo giờ hàng ngày\r\nBáo pin yếu\r\nLịch hoàn toàn tự động (đến năm 2099)\r\nTiết kiệm năng lượng (các kim dừng để tiết kiệm năng lượng khi để đồng hồ trong bóng tối)\r\nHiển thị ngày\r\nGiờ hiện hành thông thường\r\nĐồng hồ kim: 3 kim (giờ, phút (kim di chuyển 10 giây một lần), giây)\r\n4 mặt số (24 giờ, giờ và phút (giờ kép), 24 giờ (giờ kép), ngày)\r\nĐộ chính xác: ±15 giây một tháng (không có chức năng Mobile Link)\r\nThời gian hoạt động xấp xỉ của pin:\r\n8 tháng đối với pin sạc lại được (thời gian hoạt động nếu sử dụng bình thường mà không tiếp xúc với ánh sáng sau khi sạc)\r\n34 tháng đối với pin sạc lại được (thời gian hoạt động khi được giữ trong bóng tối hoàn toàn với chức năng tiết kiệm năng lượng được bật sau khi sạc đầy)\r\nKích thước vỏ / Tổng trọng lượng\r\nKích thước vỏ : 52×48,1×14,2mm\r\nTổng trọng lượng : 199g', 3),
(9, 'WS-1400H-3AVDF', 1150000, 25, 'ws-1400h-3avdf.jpg', '• Đây là món phụ kiện thời trang lý tưởng đến từ hãng đồng hồ Casio nổi tiếng của Nhật Bản. Nổi bật với thiết kế đơn giản và tinh tế phù hợp với mọi cô nàng.\r\n\r\n• Đường kính mặt của mẫu đồng hồ Casio 44.5 mm nam WS-1400H-3AVDF này là 47.2 x 44.5 mm.\r\n\r\n• Khung viền và dây đeo của đồng hồ đều được làm từ nhựa, bền bỉ, chống nước tốt. Êm ái khi đeo cả ngày dài.\r\n\r\n• 10 ATM là độ kháng nước của chiếc đồng hồ nam này, người dùng có thể an toàn đeo khi đi tắm, đi bơi. Lưu ý: không nên mang khi đi lặn.\r\n\r\n• Báo thức, bấm giờ thể thao, bấm giờ đếm ngược, lịch ngày, lịch tháng, lịch thứ, múi giờ thứ 2, đồng hồ 24 giờ là những tiện ích của mẫu đồng hồ này. Người dùng theo dõi thời gian một cách nhanh chóng.', 4),
(10, 'A168WER-2ADF', 3300000, 25, 'a168wer-2adf.jpg', '<p>&bull; Đồng hồ Casio 36.3 mm Unisex A168WER-2ADF l&agrave; m&oacute;n phụ kiện thời trang l&yacute; tưởng đến từ h&atilde;ng đồng hồ Casio nổi tiếng của Nhật Bản. &bull; Đồng hồ c&oacute; đường k&iacute;nh mặt 38.6 x 36.3 mm. &bull; Chất liệu của khung viền được l&agrave;m từ nhựa resin v&agrave; d&acirc;y đeo của đồng hồ được l&agrave;m từ th&eacute;p kh&ocirc;ng gỉ cứng c&aacute;p, bền bỉ với thời gian. &bull; Đồng hồ unisex sở hữu độ chống nước 1 ATM: An to&agrave;n khi rửa tay. Kh&ocirc;ng n&ecirc;n sử dụng khi đi mưa, đi tắm hay bơi, lặn. &bull; B&aacute;o thức, bấm giờ thể thao, lịch ng&agrave;y, lịch thứ, đ&egrave;n nền v&agrave; đồng hồ 24 giờ l&agrave; những tiện &iacute;ch của đồng hồ, gi&uacute;p người d&ugrave;ng chủ động hơn trong cuộc sống.</p>\r\n', 4),
(11, 'GA-2110ET-2A', 3937000, 22, 'GA-2110ET-2A.png', 'Các tính năng\r\nGiới thiệu Dòng màu Trái đất. Những chiếc đồng hồ này là sự kết hợp giữa độ bền nổi tiếng đặc trưng của G-SHOCK từ năm 1983 với thiết kế và màu sắc xóa bỏ khoảng cách giữa đô thị và thiên nhiên, bình thường và phi thường, và phù hợp với nhiều phong cách thời trang khác nhau.\r\nThiết kế cơ bản kết hợp vỏ mỏng với gờ bát giác đúc đôi cùng tùy chọn màu xanh hải quân sẫm hoặc xám.\r\n\r\nĐặc điểm kỹ thuật\r\nVật liệu vỏ / vành bezel: Cacbon / Nhựa\r\nDây đeo bằng nhựa\r\nMặt kính khoáng\r\nNeobrite\r\nChống va đập\r\nCấu trúc bảo vệ lõi cacbon\r\nChống nước ở độ sâu 200 mét\r\nHai đèn LED\r\nĐèn LED cho mặt đồng hồ (Chiếu sáng cực mạnh, thời lượng chiếu sáng có thể lựa chọn (1,5 giây hoặc 3 giây), phát sáng sau)\r\nĐèn LED cực tím cho màn hình số (Chiếu sáng cực mạnh, thời lượng chiếu sáng có thể lựa chọn (1,5 giây hoặc 3 giây), phát sáng sau)\r\nGiờ thế giới\r\n31 múi giờ (48 thành phố + giờ phối hợp quốc tế), bật/tắt tiết kiệm ánh sáng ban ngày\r\nĐồng hồ bấm giờ 1/100 giây\r\nKhả năng đo:\r\n00’00”00~59’59”99 (cho 60 phút đầu tiên)\r\n1:00’00”~23:59’59” (sau 60 phút)\r\nĐơn vị đo:\r\n1/100 giây (cho 60 phút đầu tiên)\r\n1 giây (sau 60 phút)\r\nChế độ đo: Thời gian đã trôi qua, ngắt giờ, thời gian về đích thứ nhất – thứ hai\r\nĐồng hồ đếm ngược\r\nĐơn vị đo: 1 giây\r\nKhoảng đếm ngược: 24 giờ\r\nKhoảng cài đặt thời gian bắt đầu đếm ngược: 1 giây đến 24 giờ (khoảng tăng 1 giây, khoảng tăng 1 phút và khoảng tăng 1 giờ)\r\n5 chế độ báo thức hàng ngày\r\nTín hiệu thời gian hàng giờ\r\nTính năng chuyển kim\r\nLịch hoàn toàn tự động (đến năm 2099)\r\nĐịnh dạng giờ 12/24\r\nBật/tắt âm nhấn nút\r\nGiờ hiện hành thông thường\r\nĐồng hồ kim: 2 kim (giờ, phút (kim di chuyển 20 giây một lần)), 1 mặt số (ngày)\r\nĐồng hồ kỹ thuật số: Giờ, phút, giây, giờ chiều/tối, tháng, ngày\r\nĐộ chính xác: ±15 giây một tháng\r\nTuổi thọ pin xấp xỉ: 3 năm đối với pin SR726W × 2\r\nKích thước vỏ / Tổng trọng lượng\r\nKích thước vỏ : 48,5×45,4×11,8mm\r\nTổng trọng lượng : 51g', 1),
(12, 'GMA-S2100-7A', 3357000, 15, 'GMA-S2100-7A.png', '<h2>Các t&iacute;nh năng</h2>\r\n\r\n<p>D&ograve;ng n&agrave;y l&agrave; phi&ecirc;n bản thu nhỏ của chiếc GA-2100 để tạo n&ecirc;n thiết kế đơn giản v&agrave; thanh mảnh.<br />\r\nGờ b&aacute;t gi&aacute;c, mặt đồng hồ phẳng, vạch giờ đơn giản v&agrave; cấu tr&uacute;c bảo vệ l&otilde;i carbon vốn l&agrave; những t&iacute;nh năng đặc biệt của GA-2100 hiện đ&atilde; c&oacute; trong cấu h&igrave;nh nhỏ gọn.</p>\r\n\r\n<h2>Đặc điểm kỹ thuật</h2>\r\n\r\n<ul>\r\n	<li>\r\n	<ul>\r\n		<li>Vật liệu vỏ / v&agrave;nh bezel: Cacbon / Nhựa</li>\r\n		<li>D&acirc;y đeo bằng nhựa</li>\r\n		<li>Mặt k&iacute;nh kho&aacute;ng</li>\r\n		<li>Neobrite</li>\r\n		<li>Chống va đập</li>\r\n		<li>Cấu tr&uacute;c bảo vệ l&otilde;i cacbon</li>\r\n		<li>Chống nước ở độ s&acirc;u 200 mét</li>\r\n	</ul>\r\n\r\n	<ul>\r\n		<li>Hai đ&egrave;n LED<br />\r\n		Đ&egrave;n LED cho mặt đồng hồ (Chiếu s&aacute;ng cực mạnh, thời lượng chiếu s&aacute;ng c&oacute; thể lựa chọn (1,5 gi&acirc;y hoặc 3 gi&acirc;y), ph&aacute;t s&aacute;ng sau)<br />\r\n		Đ&egrave;n LED cực t&iacute;m cho m&agrave;n h&igrave;nh số (Chiếu s&aacute;ng cực mạnh, thời lượng chiếu s&aacute;ng c&oacute; thể lựa chọn (1,5 gi&acirc;y hoặc 3 gi&acirc;y), ph&aacute;t s&aacute;ng sau)</li>\r\n		<li>Giờ thế giới<br />\r\n		31 m&uacute;i giờ (48 th&agrave;nh phố + giờ phối hợp quốc tế), bật/tắt tiết kiệm &aacute;nh s&aacute;ng ban ng&agrave;y</li>\r\n		<li>Đồng hồ bấm giờ 1/100 gi&acirc;y<br />\r\n		Khả năng đo:<br />\r\n		00&rsquo;00&rdquo;00~59&rsquo;59&rdquo;99 (cho 60 ph&uacute;t đầu ti&ecirc;n)<br />\r\n		1:00&rsquo;00&rdquo;~23:59&rsquo;59&rdquo; (sau 60 ph&uacute;t)<br />\r\n		Đơn vị đo:<br />\r\n		1/100 gi&acirc;y (cho 60 ph&uacute;t đầu ti&ecirc;n)<br />\r\n		1 gi&acirc;y (sau 60 ph&uacute;t)<br />\r\n		Ch&ecirc;́ đ&ocirc;̣ đo: Thời gian đã tr&ocirc;i qua, ngắt giờ, thời gian v&ecirc;̀ đích thứ nh&acirc;́t &ndash; thứ hai</li>\r\n		<li>Đ&ocirc;̀ng h&ocirc;̀ đ&ecirc;́m ngược<br />\r\n		Đơn vị đo: 1 gi&acirc;y<br />\r\n		Khoảng đếm ngược: 24 giờ<br />\r\n		Khoảng c&agrave;i đặt thời gian bắt đầu đếm ngược: 1 gi&acirc;y đến 24 giờ (khoảng tăng 1 gi&acirc;y, khoảng tăng 1 ph&uacute;t v&agrave; khoảng tăng 1 giờ)</li>\r\n		<li>5 chế độ b&aacute;o thức h&agrave;ng ng&agrave;y</li>\r\n		<li>T&iacute;n hiệu thời gian h&agrave;ng giờ</li>\r\n		<li>T&iacute;nh năng chuyển kim</li>\r\n		<li>Lịch ho&agrave;n to&agrave;n tự động (đến năm 2099)</li>\r\n		<li>Định dạng giờ 12/24</li>\r\n		<li>Bật/tắt &acirc;m nhấn n&uacute;t</li>\r\n		<li>Giờ hiện h&agrave;nh th&ocirc;ng thường<br />\r\n		Đồng hồ kim: 2 kim (giờ, ph&uacute;t (kim di chuyển 20 gi&acirc;y một lần)), 1 mặt số (ng&agrave;y)<br />\r\n		Đồng hồ kỹ thuật số: Giờ, ph&uacute;t, gi&acirc;y, giờ chiều/tối, th&aacute;ng, ng&agrave;y</li>\r\n		<li>Độ ch&iacute;nh x&aacute;c: &plusmn;15 gi&acirc;y một th&aacute;ng</li>\r\n		<li>Tuổi thọ pin xấp xỉ: 3 năm đối với pin SR726W &times; 2</li>\r\n	</ul>\r\n	</li>\r\n</ul>\r\n\r\n<h3>K&iacute;ch thước vỏ / Tổng trọng lượng</h3>\r\n\r\n<ul>\r\n	<li>K&iacute;ch thước vỏ : 46,2&times;42,9&times;11,2mm</li>\r\n	<li>Tổng trọng lượng : 41g</li>\r\n</ul>\r\n', 1),
(17, 'Charm cuff', 2400000, 5, 'Hinh-1668220925.jpg', '<table>\r\n	<tbody>\r\n		<tr>\r\n			<td>Kiểu d&aacute;ng</td>\r\n			<td>Cuff</td>\r\n		</tr>\r\n		<tr>\r\n			<td>Chất liệu</td>\r\n			<td>Stainless Steel</td>\r\n		</tr>\r\n		<tr>\r\n			<td>Kiểu kh&oacute;a</td>\r\n			<td>Mở</td>\r\n		</tr>\r\n		<tr>\r\n			<td>Chiều rộng</td>\r\n			<td>4mm</td>\r\n		</tr>\r\n		<tr>\r\n			<td>Chu vi</td>\r\n			<td>160mm</td>\r\n		</tr>\r\n	</tbody>\r\n</table>\r\n', 5),
(18, 'Crown Cuff', 2300000, 10, 'Hinh-1668221036.jpg', '<table>\r\n	<tbody>\r\n		<tr>\r\n			<td>Kiểu d&aacute;ng</td>\r\n			<td>Cuff</td>\r\n		</tr>\r\n		<tr>\r\n			<td>Chất liệu</td>\r\n			<td>Stainless Steel</td>\r\n		</tr>\r\n		<tr>\r\n			<td>Kiểu kh&oacute;a</td>\r\n			<td>Mở</td>\r\n		</tr>\r\n		<tr>\r\n			<td>Chiều rộng</td>\r\n			<td>3mm</td>\r\n		</tr>\r\n		<tr>\r\n			<td>Chu vi</td>\r\n			<td>160mm</td>\r\n		</tr>\r\n	</tbody>\r\n</table>\r\n', 5),
(19, 'DÂY CAO SU GA-2100 AP ROYAL OAK (WHITE)', 1200000, 5, 'Hinh-1668221363.jpg', '<p>D&acirc;y cao su GA-2100 AP Royal Oak l&agrave; d&ograve;ng sản phẩm được thiết kế ri&ecirc;ng d&agrave;nh cho những chiếc Royal Oak.</p>\r\n\r\n<p>Lấy cảm hứng từ Audemas Plguet (AP), 1 trong 5 l&atilde;nh tụ của thế giới đồng hồ xa xỉ tại Thụy Sĩ.</p>\r\n\r\n<p>Cấu tr&uacute;c l&otilde;i được gia cố bằng c&aacute;c sợi Carbon gi&uacute;p đồng hồ mỏng hơn v&agrave; nhẹ hơn.</p>\r\n\r\n<p>Mặt đồng hồ được thiết kế v&agrave; gia c&ocirc;ng tinh xảo từ kim loại. GA-2100AP l&agrave; một hiện tượng đang lan nhanh tr&ecirc;n to&agrave;n thế giới ngay tại thời điểm hiện tại.</p>\r\n', 5),
(20, 'Origin Bracelet', 2800000, 10, 'Hinh-1668221511.jpg', '<table>\r\n	<tbody>\r\n		<tr>\r\n			<td>Kiểu d&aacute;ng</td>\r\n			<td>Cuff</td>\r\n		</tr>\r\n		<tr>\r\n			<td>Chất liệu</td>\r\n			<td>Stainless Steel</td>\r\n		</tr>\r\n		<tr>\r\n			<td>Kiểu kh&oacute;a</td>\r\n			<td>Trượt</td>\r\n		</tr>\r\n		<tr>\r\n			<td>Chiều rộng</td>\r\n			<td>Thanh kim loại d&agrave;i 39.6mm</td>\r\n		</tr>\r\n		<tr>\r\n			<td>Chu vi</td>\r\n			<td>218.5mm</td>\r\n		</tr>\r\n	</tbody>\r\n</table>\r\n', 5),
(21, 'DÂY CAO SU GA-2100 AP ROYAL OAK (GRAY)', 1200000, 0, 'Hinh-1668221640.jpg', '<p>D&acirc;y cao su GA-2100 AP Royal Oak l&agrave; d&ograve;ng sản phẩm được thiết kế ri&ecirc;ng d&agrave;nh cho những chiếc Royal Oak.</p>\r\n\r\n<p>Lấy cảm hứng từ Audemas Plguet (AP), 1 trong 5 l&atilde;nh tụ của thế giới đồng hồ xa xỉ tại Thụy Sĩ.</p>\r\n\r\n<p>Cấu tr&uacute;c l&otilde;i được gia cố bằng c&aacute;c sợi Carbon gi&uacute;p đồng hồ mỏng hơn v&agrave; nhẹ hơn.</p>\r\n\r\n<p>Mặt đồng hồ được thiết kế v&agrave; gia c&ocirc;ng tinh xảo từ kim loại. GA-2100AP l&agrave; một hiện tượng đang lan nhanh tr&ecirc;n to&agrave;n thế giới ngay tại thời điểm hiện tại.</p>\r\n', 5),
(22, 'GST-B400AD-1A4DR', 9989000, 28, 'Hinh-1668221828.png', '<h2>Các t&iacute;nh năng</h2>\r\n\r\n<p>Giới thiệu biến thể m&agrave;u mới cho d&ograve;ng sản phẩm của mẫu G-STEEL GST-B400 thanh mảnh với thiết kế mới, cải tiến được tạo ra nhờ m&ocirc;-đun mỏng v&agrave; cấu tr&uacute;c bảo vệ l&otilde;i carbon. D&ograve;ng sản phẩm n&agrave;y c&oacute; mẫu ti&ecirc;u chuẩn l&agrave; chiếc GST-B400D m&agrave;u bạc ho&agrave;n to&agrave;n.<br />\r\nTh&agrave;nh c&ocirc;ng của chiếc GST-B400 l&agrave; nhờ khả năng thu nhỏ hơn nữa c&aacute;c bộ phận v&agrave; l&agrave;m mỏng c&aacute;c m&ocirc;-đun m&agrave; kh&ocirc;ng ảnh hưởng đến bất kỳ chức năng Bluetooth hoặc năng lượng mặt trời n&agrave;o. Mức ti&ecirc;u thụ điện năng cũng được giảm đ&aacute;ng kể.<br />\r\nNgo&agrave;i ra, cấu tr&uacute;c bảo vệ l&otilde;i carbon gi&uacute;p mẫu n&agrave;y trở th&agrave;nh mẫu đồng hồ mỏng nhất trong d&ograve;ng G-STEEL (t&iacute;nh đến th&aacute;ng 4 năm 2021) m&agrave; vẫn duy tr&igrave; được khả năng chống va đập cao. Độ d&agrave;y từ nắp sau đến mặt tr&ecirc;n gờ chỉ l&agrave; 12,9 mm, nhỏ hơn một milimet so với mẫu GST-B100.<br />\r\nVề mặt thiết kế, số lượng đầu bảo vệ n&uacute;t được giảm thiểu, cho ph&eacute;p bạn sử dụng c&aacute;c n&uacute;t lớn bằng th&eacute;p kh&ocirc;ng gỉ, mỏng nhưng dễ thao t&aacute;c.<br />\r\nGờ tr&ecirc;n c&ugrave;ng c&oacute; năm lớp ho&agrave;n thiện kh&aacute;c nhau, trong khi gờ ở giữa c&oacute; bốn lớp, tạo ra hiệu ứng trang nh&atilde; v&agrave; thay đổi diện mạo của kết cấu kim loại t&ugrave;y thuộc v&agrave;o g&oacute;c nh&igrave;n.</p>\r\n\r\n<h2>Đặc điểm kỹ thuật</h2>\r\n\r\n<ul>\r\n	<li>\r\n	<ul>\r\n		<li>Vật liệu vỏ / v&agrave;nh bezel: Nhựa / Th&eacute;p kh&ocirc;ng gỉ</li>\r\n		<li>Chốt gập 3 chỉ với một lần bấm</li>\r\n		<li>D&acirc;y đeo kim loại</li>\r\n		<li>D&acirc;y đeo bằng th&eacute;p kh&ocirc;ng gỉ</li>\r\n		<li>Chống va đập</li>\r\n		<li>Neobrite</li>\r\n		<li>Mặt k&iacute;nh kho&aacute;ng</li>\r\n		<li>Cấu tr&uacute;c bảo vệ l&otilde;i cacbon</li>\r\n		<li>Chống nước ở độ s&acirc;u 200 mét</li>\r\n	</ul>\r\n\r\n	<ul>\r\n		<li>Chống va đập (G-SHOCK)</li>\r\n		<li>Tough Solar (Chạy bằng năng lượng mặt trời)</li>\r\n		<li>Hai đ&egrave;n LED<br />\r\n		Đ&egrave;n LED cho mặt đồng hồ (Chiếu s&aacute;ng cực mạnh, thời lượng chiếu s&aacute;ng c&oacute; thể lựa chọn (1,5 gi&acirc;y hoặc 3 gi&acirc;y), ph&aacute;t s&aacute;ng sau)<br />\r\n		Đ&egrave;n LED cực t&iacute;m cho m&agrave;n h&igrave;nh số (Chiếu s&aacute;ng cực mạnh, thời lượng chiếu s&aacute;ng c&oacute; thể lựa chọn (1,5 gi&acirc;y hoặc 3 gi&acirc;y), ph&aacute;t s&aacute;ng sau)</li>\r\n		<li>Mobile link (Kết nối kh&ocirc;ng d&acirc;y sử dụng Bluetooth&reg;)</li>\r\n		<li>T&iacute;nh năng chuyển kim (Kim dịch chuyển qua một b&ecirc;n để kh&ocirc;ng che kết quả hiển thị tr&ecirc;n m&agrave;n h&igrave;nh kỹ thuật số)</li>\r\n		<li>Giờ thế giới<br />\r\n		38 m&uacute;i giờ (38 th&agrave;nh phố + giờ phối hợp quốc tế), hiển thị m&atilde; th&agrave;nh phố, hiển thị t&ecirc;n th&agrave;nh phố,&nbsp;bật/tắt tiết kiệm &aacute;nh s&aacute;ng ban ng&agrave;y, chuyển tự động giờ m&ugrave;a h&egrave; (DST),&nbsp;chuyển đổi Giờ địa phương/Giờ thế giới</li>\r\n		<li>Đồng hồ bấm giờ 1/100 gi&acirc;y<br />\r\n		Khả năng đo: 00&rsquo;00&rdquo;00~59&rsquo;59&rdquo;99 (cho 60 ph&uacute;t đầu ti&ecirc;n)<br />\r\n		1:00&rsquo;00~23:59&rsquo;59 (sau 60 ph&uacute;t)<br />\r\n		Đơn vị đo: 1/100 gi&acirc;y (cho 60 ph&uacute;t đầu ti&ecirc;n)<br />\r\n		1 gi&acirc;y (sau 60 ph&uacute;t)<br />\r\n		Ch&ecirc;́ đ&ocirc;̣ đo: Thời gian đ&atilde; tr&ocirc;i qua, thời gian v&ograve;ng chạy/ngắt giờ</li>\r\n		<li>Đ&ocirc;̀ng h&ocirc;̀ đ&ecirc;́m ngược<br />\r\n		Đơn vị đo: 1 gi&acirc;y<br />\r\n		Khoảng đếm ngược: 60 ph&uacute;t<br />\r\n		Khoảng c&agrave;i đặt thời gian bắt đầu đếm ngược: 1 gi&acirc;y đến 60 ph&uacute;t (khoảng tăng 1 gi&acirc;y, khoảng tăng 1 ph&uacute;t)</li>\r\n		<li>5 chế độ b&aacute;o thức h&agrave;ng ng&agrave;y</li>\r\n		<li>T&iacute;n hiệu thời gian h&agrave;ng giờ</li>\r\n		<li>Chỉ b&aacute;o mức pin</li>\r\n		<li>Tiết kiệm năng lượng (m&agrave;n h&igrave;nh trống để tiết kiệm năng lượng khi để đồng hồ trong b&oacute;ng tối)</li>\r\n		<li>Lịch ho&agrave;n to&agrave;n tự động (đến năm 2099)</li>\r\n		<li>Định dạng giờ 12/24</li>\r\n		<li>Bật/tắt &acirc;m nhấn n&uacute;t</li>\r\n		<li>Chuyển đổi chế độ hiển thị ng&agrave;y/th&aacute;ng</li>\r\n		<li>Hiển thị ng&agrave;y (c&aacute;c ng&agrave;y trong tuần c&oacute; thể chọn bằng s&aacute;u ng&ocirc;n ngữ)</li>\r\n		<li>Giờ hiện h&agrave;nh th&ocirc;ng thường<br />\r\n		Đồng hồ kim: 2 kim (Giờ, ph&uacute;t (kim di chuyển 20 gi&acirc;y một lần))<br />\r\n		1 mặt số (mức pin, chế độ)<br />\r\n		Đồng hồ kỹ thuật số: Giờ, ph&uacute;t, gi&acirc;y, giờ chiều, th&aacute;ng, ng&agrave;y, thứ</li>\r\n		<li>Độ ch&iacute;nh x&aacute;c: &plusmn;15 gi&acirc;y một th&aacute;ng (kh&ocirc;ng c&oacute; chức năng Mobile Link)</li>\r\n		<li>Thời gian hoạt động xấp xỉ của pin:<br />\r\n		7 th&aacute;ng đối với pin sạc lại được (thời gian hoạt động nếu sử dụng b&igrave;nh thường m&agrave; kh&ocirc;ng tiếp x&uacute;c với &aacute;nh s&aacute;ng sau khi sạc)<br />\r\n		18 th&aacute;ng đối với pin sạc lại được (thời gian hoạt động khi được giữ trong b&oacute;ng tối ho&agrave;n to&agrave;n với chức năng tiết kiệm năng lượng được bật sau khi sạc đầy)</li>\r\n	</ul>\r\n	</li>\r\n</ul>\r\n\r\n<h3>K&iacute;ch thước vỏ / Tổng trọng lượng</h3>\r\n\r\n<ul>\r\n	<li>K&iacute;ch thước vỏ : 46,6&times;49,6&times;12,9mm</li>\r\n	<li>Tổng trọng lượng : 160g</li>\r\n</ul>\r\n', 1),
(23, 'GST-B400BD-1A2DR', 15500000, 26, 'Hinh-1668221968.png', '<h2>Các t&iacute;nh năng</h2>\r\n\r\n<p>Giới thiệu biến thể m&agrave;u mới cho d&ograve;ng sản phẩm của mẫu G-STEEL GST-B400 thanh mảnh với thiết kế mới, cải tiến được tạo ra nhờ m&ocirc;-đun mỏng v&agrave; cấu tr&uacute;c bảo vệ l&otilde;i carbon. GST-B400BD c&oacute; vỏ v&agrave; d&acirc;y đeo IP m&agrave;u đen c&ugrave;ng mặt số lắng đọng hơi nước m&agrave;u xanh dương.<br />\r\nTh&agrave;nh c&ocirc;ng của chiếc GST-B400 l&agrave; nhờ khả năng thu nhỏ hơn nữa c&aacute;c bộ phận v&agrave; l&agrave;m mỏng c&aacute;c m&ocirc;-đun m&agrave; kh&ocirc;ng ảnh hưởng đến bất kỳ chức năng Bluetooth hoặc năng lượng mặt trời n&agrave;o. Mức ti&ecirc;u thụ điện năng cũng được giảm đ&aacute;ng kể.<br />\r\nNgo&agrave;i ra, cấu tr&uacute;c bảo vệ l&otilde;i carbon gi&uacute;p mẫu n&agrave;y trở th&agrave;nh mẫu đồng hồ mỏng nhất trong d&ograve;ng G-STEEL (t&iacute;nh đến th&aacute;ng 4 năm 2021) m&agrave; vẫn duy tr&igrave; được khả năng chống va đập cao. Độ d&agrave;y từ nắp sau đến mặt tr&ecirc;n gờ chỉ l&agrave; 12,9 mm, nhỏ hơn một milimet so với mẫu GST-B100.<br />\r\nVề mặt thiết kế, số lượng đầu bảo vệ n&uacute;t được giảm thiểu, cho ph&eacute;p bạn sử dụng c&aacute;c n&uacute;t lớn bằng th&eacute;p kh&ocirc;ng gỉ, mỏng nhưng dễ thao t&aacute;c.<br />\r\nGờ tr&ecirc;n c&ugrave;ng c&oacute; năm lớp ho&agrave;n thiện kh&aacute;c nhau, trong khi gờ ở giữa c&oacute; bốn lớp, tạo ra hiệu ứng trang nh&atilde; v&agrave; thay đổi diện mạo của kết cấu kim loại t&ugrave;y thuộc v&agrave;o g&oacute;c nh&igrave;n.</p>\r\n\r\n<h2>Đặc điểm kỹ thuật</h2>\r\n\r\n<ul>\r\n	<li>\r\n	<ul>\r\n		<li>Vật liệu vỏ / v&agrave;nh bezel: Nhựa / Th&eacute;p kh&ocirc;ng gỉ</li>\r\n		<li>Chốt gập 3 chỉ với một lần bấm</li>\r\n		<li>D&acirc;y đeo bằng th&eacute;p kh&ocirc;ng gỉ</li>\r\n		<li>D&acirc;y đeo kim loại</li>\r\n		<li>Mặt k&iacute;nh kho&aacute;ng</li>\r\n		<li>Neobrite</li>\r\n		<li>Chống va đập</li>\r\n		<li>Cấu tr&uacute;c bảo vệ l&otilde;i cacbon</li>\r\n		<li>Vỏ mạ ion m&agrave;u đen</li>\r\n		<li>D&acirc;y đeo mạ ion m&agrave;u đen</li>\r\n		<li>Chống nước ở độ s&acirc;u 200 mét</li>\r\n	</ul>\r\n\r\n	<ul>\r\n		<li>Chống va đập (G-SHOCK)</li>\r\n		<li>Tough Solar (Chạy bằng năng lượng mặt trời)</li>\r\n		<li>Hai đ&egrave;n LED<br />\r\n		Đ&egrave;n LED cho mặt đồng hồ (Chiếu s&aacute;ng cực mạnh, thời lượng chiếu s&aacute;ng c&oacute; thể lựa chọn (1,5 gi&acirc;y hoặc 3 gi&acirc;y), ph&aacute;t s&aacute;ng sau)<br />\r\n		Đ&egrave;n LED cực t&iacute;m cho m&agrave;n h&igrave;nh số (Chiếu s&aacute;ng cực mạnh, thời lượng chiếu s&aacute;ng c&oacute; thể lựa chọn (1,5 gi&acirc;y hoặc 3 gi&acirc;y), ph&aacute;t s&aacute;ng sau)</li>\r\n		<li>Mobile link (Kết nối kh&ocirc;ng d&acirc;y sử dụng Bluetooth&reg;)</li>\r\n		<li>T&iacute;nh năng chuyển kim (Kim dịch chuyển qua một b&ecirc;n để kh&ocirc;ng che kết quả hiển thị tr&ecirc;n m&agrave;n h&igrave;nh kỹ thuật số)</li>\r\n		<li>Giờ thế giới<br />\r\n		38 m&uacute;i giờ (38 th&agrave;nh phố + giờ phối hợp quốc tế), hiển thị m&atilde; th&agrave;nh phố, hiển thị t&ecirc;n th&agrave;nh phố,&nbsp;bật/tắt tiết kiệm &aacute;nh s&aacute;ng ban ng&agrave;y, chuyển tự động giờ m&ugrave;a h&egrave; (DST),&nbsp;chuyển đổi Giờ địa phương/Giờ thế giới</li>\r\n		<li>Đồng hồ bấm giờ 1/100 gi&acirc;y<br />\r\n		Khả năng đo: 00&rsquo;00&rdquo;00~59&rsquo;59&rdquo;99 (cho 60 ph&uacute;t đầu ti&ecirc;n)<br />\r\n		1:00&rsquo;00~23:59&rsquo;59 (sau 60 ph&uacute;t)<br />\r\n		Đơn vị đo: 1/100 gi&acirc;y (cho 60 ph&uacute;t đầu ti&ecirc;n)<br />\r\n		1 gi&acirc;y (sau 60 ph&uacute;t)<br />\r\n		Ch&ecirc;́ đ&ocirc;̣ đo: Thời gian đ&atilde; tr&ocirc;i qua, thời gian v&ograve;ng chạy/ngắt giờ</li>\r\n		<li>Đ&ocirc;̀ng h&ocirc;̀ đ&ecirc;́m ngược<br />\r\n		Đơn vị đo: 1 gi&acirc;y<br />\r\n		Khoảng đếm ngược: 60 ph&uacute;t<br />\r\n		Khoảng c&agrave;i đặt thời gian bắt đầu đếm ngược: 1 gi&acirc;y đến 60 ph&uacute;t (khoảng tăng 1 gi&acirc;y, khoảng tăng 1 ph&uacute;t)</li>\r\n		<li>5 chế độ b&aacute;o thức h&agrave;ng ng&agrave;y</li>\r\n		<li>T&iacute;n hiệu thời gian h&agrave;ng giờ</li>\r\n		<li>Chỉ b&aacute;o mức pin</li>\r\n		<li>Tiết kiệm năng lượng (m&agrave;n h&igrave;nh trống để tiết kiệm năng lượng khi để đồng hồ trong b&oacute;ng tối)</li>\r\n		<li>Lịch ho&agrave;n to&agrave;n tự động (đến năm 2099)</li>\r\n		<li>Định dạng giờ 12/24</li>\r\n		<li>Bật/tắt &acirc;m nhấn n&uacute;t</li>\r\n		<li>Chuyển đổi chế độ hiển thị ng&agrave;y/th&aacute;ng</li>\r\n		<li>Hiển thị ng&agrave;y (c&aacute;c ng&agrave;y trong tuần c&oacute; thể chọn bằng s&aacute;u ng&ocirc;n ngữ)</li>\r\n		<li>Giờ hiện h&agrave;nh th&ocirc;ng thường<br />\r\n		Đồng hồ kim: 2 kim (Giờ, ph&uacute;t (kim di chuyển 20 gi&acirc;y một lần))<br />\r\n		1 mặt số (mức pin, chế độ)<br />\r\n		Đồng hồ kỹ thuật số: Giờ, ph&uacute;t, gi&acirc;y, giờ chiều, th&aacute;ng, ng&agrave;y, thứ</li>\r\n		<li>Độ ch&iacute;nh x&aacute;c: &plusmn;15 gi&acirc;y một th&aacute;ng (kh&ocirc;ng c&oacute; chức năng Mobile Link)</li>\r\n		<li>Thời gian hoạt động xấp xỉ của pin:<br />\r\n		7 th&aacute;ng đối với pin sạc lại được (thời gian hoạt động nếu sử dụng b&igrave;nh thường m&agrave; kh&ocirc;ng tiếp x&uacute;c với &aacute;nh s&aacute;ng sau khi sạc)<br />\r\n		18 th&aacute;ng đối với pin sạc lại được (thời gian hoạt động khi được giữ trong b&oacute;ng tối ho&agrave;n to&agrave;n với chức năng tiết kiệm năng lượng được bật sau khi sạc đầy)</li>\r\n	</ul>\r\n	</li>\r\n</ul>\r\n\r\n<h2>K&iacute;ch thước vỏ / Tổng trọng lượng</h2>\r\n\r\n<ul>\r\n	<li>K&iacute;ch thước vỏ : 46,6&times;49,6&times;12,9mm</li>\r\n	<li>Tổng trọng lượng : 160g</li>\r\n</ul>\r\n', 1);
INSERT INTO `products` (`product_id`, `name`, `price`, `sale_off`, `picture`, `product_detail`, `categories_id`) VALUES
(24, 'GST-B200G-2ADR', 11170000, 24, 'Hinh-1668222401.png', '<h2>Các t&iacute;nh năng</h2>\r\n\r\n<p><strong>G-STEEL<br />\r\nCấu tr&uacute;c bảo vệ l&otilde;i cacbon</strong><br />\r\nTừ G-SHOCK, thương hiệu đồng hồ kh&ocirc;ng ngừng đặt ra c&aacute;c ti&ecirc;u chuẩn mới về độ bền hiển thị giờ hiện h&agrave;nh, h&atilde;ng đ&atilde; cho ra đời mẫu G-STEEL mới sở hữu cấu tr&uacute;c Bảo vệ l&otilde;i cacbon chống va đập mới đầy ấn tượng.<br />\r\nVỏ đồng hồ l&agrave;m bằng nhựa tinh xảo t&iacute;ch hợp sợi cacbon c&oacute; trọng lượng nhẹ c&ugrave;ng với độ cứng vượt trội so với nhựa. Chất liệu n&agrave;y bảo vệ m&ocirc;-đun b&ecirc;n trong khỏi bị biến dạng v&agrave; hỏng h&oacute;c do va đập. Nắp sau k&eacute;p bảo vệ mặt sau khỏi bị t&aacute;c động. Mẫu cơ bản của d&ograve;ng GST-B100 c&oacute; vỏ nhỏ khiến người đeo cảm thấy thoải m&aacute;i, vừa vặn mặc d&ugrave; đồng hồ n&agrave;y c&oacute; mặt to.<br />\r\nM&agrave;n h&igrave;nh LCD ph&aacute;t s&aacute;ng trong đ&ecirc;m vừa thực hiện chức năng vừa g&oacute;p phần tạo n&ecirc;n thiết kế cho mặt đồng hồ.</p>\r\n\r\n<p>&nbsp;</p>\r\n\r\n<ul>\r\n	<li>Kết nối điện thoại th&ocirc;ng minh</li>\r\n</ul>\r\n\r\n<p><strong>&bull; Xấp xỉ 300 th&agrave;nh phố theo Giờ thế giới<br />\r\n&bull; B&aacute;o thức<br />\r\n&bull; Bấm giờ<br />\r\n&bull; Hiệu chỉnh vị tr&iacute; kim<br />\r\n&bull; Chuyển đổi giờ<br />\r\n&bull; C&ocirc;ng cụ t&igrave;m điện thoại</strong></p>\r\n\r\n<ul>\r\n	<li>Tough Solar</li>\r\n	<li>Đ&egrave;n ho&agrave;n to&agrave;n tự động chiếu s&aacute;ng cực mạnh (k&eacute;p) chiếu s&aacute;ng mặt đồng hồ v&agrave; m&agrave;n h&igrave;nh số</li>\r\n</ul>\r\n\r\n<p>*&nbsp;So với d&ograve;ng GST-B100, 12-6H mỏng hơn 4,8 mm trong khi 3-9H mỏng hơn 4,6 mm.</p>\r\n\r\n<p><strong>Cấu tr&uacute;c bảo vệ l&otilde;i cacbon</strong><br />\r\nCấu tr&uacute;c Bảo vệ l&otilde;i cacbon chống va đập mới t&iacute;ch hợp vỏ. Cấu tr&uacute;c b&ecirc;n ngo&agrave;i tận dụng đặc điểm mạnh mẽ v&agrave; độ gọn nhẹ.</p>\r\n\r\n<p><strong>Đ&egrave;n chiếu s&aacute;ng cực mạnh (đ&egrave;n LED c&oacute; độ s&aacute;ng cao)</strong><br />\r\nChức năng Đ&egrave;n chiếu s&aacute;ng cực mạnh chiếu s&aacute;ng mặt số v&agrave; m&agrave;n h&igrave;nh LCD với &aacute;nh s&aacute;ng cường độ cao gi&uacute;p duy tr&igrave; khả năng đọc trong b&oacute;ng tối.</p>\r\n\r\n<h2>Đặc điểm kỹ thuật</h2>\r\n\r\n<ul>\r\n	<li>\r\n	<ul>\r\n		<li>V&acirc;̣t li&ecirc;̣u vỏ/v&agrave;nh bezel: Cacbon/Th&eacute;p kh&ocirc;ng gỉ</li>\r\n		<li>D&acirc;y đeo bằng nhựa</li>\r\n		<li>Cấu tr&uacute;c bảo vệ l&otilde;i cacbon</li>\r\n		<li>Neobrite</li>\r\n		<li>Chống va đập</li>\r\n		<li>Mặt k&iacute;nh kho&aacute;ng</li>\r\n		<li>Gờ mạ ion m&agrave;u đen</li>\r\n		<li>Chống nước ở độ s&acirc;u 200 mét</li>\r\n	</ul>\r\n\r\n	<ul>\r\n		<li>Hai đ&egrave;n LED<br />\r\n		Đ&egrave;n LED cho mặt đồng hồ (Đ&egrave;n LED tự động ho&agrave;n to&agrave;n, Chiếu s&aacute;ng cực mạnh, thời lượng chiếu s&aacute;ng c&oacute; thể lựa chọn (1,5 gi&acirc;y hoặc 3 gi&acirc;y), ph&aacute;t s&aacute;ng sau)<br />\r\n		Đ&egrave;n LED cực t&iacute;m cho m&agrave;n h&igrave;nh số (Đ&egrave;n LED tự động ho&agrave;n to&agrave;n, Chiếu s&aacute;ng cực mạnh, thời lượng chiếu s&aacute;ng c&oacute; thể lựa chọn (1,5 gi&acirc;y hoặc 3 gi&acirc;y), ph&aacute;t s&aacute;ng sau)</li>\r\n		<li>Tough Solar (Chạy bằng năng lượng mặt trời)</li>\r\n		<li>Mobile link (Kết nối kh&ocirc;ng d&acirc;y sử dụng Bluetooth&reg;)</li>\r\n		<li>Giờ thế giới<br />\r\n		39 m&uacute;i giờ* (39 th&agrave;nh phố + giờ phối hợp quốc tế), bật/tắt tiết kiệm &aacute;nh s&aacute;ng ban ng&agrave;y, chuyển tự động giờ m&ugrave;a h&egrave; (DST), chuyển đổi Giờ địa phương/Giờ thế giới<br />\r\n		*C&oacute; thể được cập nhật khi kết nối với điện thoại th&ocirc;ng minh.</li>\r\n		<li>Đồng hồ bấm giờ 1/1000 gi&acirc;y<br />\r\n		Khả năng đo:<br />\r\n		00&rsquo;00&rdquo;000~59&rsquo;59&rdquo;999 (cho 60 ph&uacute;t đầu ti&ecirc;n)<br />\r\n		1:00&rsquo;00&rdquo;0~23:59&rsquo;59&rdquo;9 (sau 60 ph&uacute;t)<br />\r\n		Đơn vị đo:<br />\r\n		1/1000 gi&acirc;y (cho 60 ph&uacute;t đầu ti&ecirc;n)<br />\r\n		1/10 gi&acirc;y (sau 60 ph&uacute;t)<br />\r\n		Chế độ đo: Thời gian đ&atilde; tr&ocirc;i qua, ngắt giờ</li>\r\n		<li>Đ&ocirc;̀ng h&ocirc;̀ đ&ecirc;́m ngược<br />\r\n		Đơn vị đo: 1/10 gi&acirc;y<br />\r\n		Khoảng đếm ngược: 24 giờ<br />\r\n		Khoảng c&agrave;i đặt thời gian bắt đầu đếm ngược: 1 gi&acirc;y đến 24 giờ (khoảng tăng 1 gi&acirc;y, khoảng tăng 1 ph&uacute;t v&agrave; khoảng tăng 1 giờ)</li>\r\n		<li>5 chế độ b&aacute;o thức đa chức năng (gồm b&aacute;o thức h&agrave;ng ng&agrave;y, 1 lần, theo lịch)</li>\r\n		<li>T&iacute;n hiệu thời gian h&agrave;ng giờ</li>\r\n		<li>T&iacute;nh năng chuyển kim (Kim dịch chuyển qua một b&ecirc;n để kh&ocirc;ng che kết quả hiển thị tr&ecirc;n m&agrave;n h&igrave;nh kỹ thuật số).</li>\r\n		<li>Chỉ b&aacute;o mức pin</li>\r\n		<li>Lịch ho&agrave;n to&agrave;n tự động (đến năm 2099)</li>\r\n		<li>Định dạng giờ 12/24</li>\r\n		<li>Bật/tắt &acirc;m nhấn n&uacute;t</li>\r\n		<li>Tiết kiệm năng lượng (m&agrave;n h&igrave;nh trống v&agrave; c&aacute;c kim sẽ dừng để tiết kiệm năng lượng khi để đồng hồ trong b&oacute;ng tối)</li>\r\n		<li>Giờ hiện h&agrave;nh th&ocirc;ng thường<br />\r\n		Đồng hồ kim: 3 kim (giờ, ph&uacute;t (kim di chuyển 10 gi&acirc;y một lần), gi&acirc;y),<br />\r\n		Đồng hồ số: Giờ, ph&uacute;t, gi&acirc;y, chiều, th&aacute;ng, ng&agrave;y, thứ</li>\r\n		<li>Độ ch&iacute;nh x&aacute;c: &plusmn;15 gi&acirc;y một th&aacute;ng (kh&ocirc;ng c&oacute; chức năng Mobile Link)</li>\r\n	</ul>\r\n	</li>\r\n</ul>\r\n\r\n<h3>K&iacute;ch thước vỏ / Tổng trọng lượng</h3>\r\n\r\n<ul>\r\n	<li>K&iacute;ch thước vỏ : 53,3&times;49,2&times;14,5mm</li>\r\n	<li>Tổng trọng lượng : 87g</li>\r\n</ul>\r\n', 1),
(25, 'GST-S130BC-1A3DR', 9660000, 41, 'Hinh-1668222503.png', '<h3>CHI TIẾT SẢN PHẨM</h3>\r\n\r\n<p><strong>Casio G-Shock GST-S130BC-1A &ndash; L&otilde;i d&acirc;y đeo được l&agrave;m từ nhựa, bề mặt b&ecirc;n ngo&agrave;i l&agrave; vải CORDURA bền hơn nylon​</strong></p>\r\n\r\n<p>Mang thương hiệu Casio&nbsp;G-Shock, d&ograve;ng đồng hồ Casio&nbsp;nổi tiếng với khả năng chống va đập cực tốt, khả năng chống nước gi&uacute;p người sử dụng thoải m&aacute;i tham gia c&aacute;c hoạt động dưới nước, c&ugrave;ng thiết kế thời trang, khỏe khoắn.</p>\r\n\r\n<p>Sở hữu những đặc điểm của G-shock G-steel &ndash; đột ph&aacute; mới của Casio G-shock trong thế kỷ XXI về chất liệu đồng hồ. Sử dụng chất liệu chủ đạo l&agrave; kim loại, c&aacute;c sản phẩm G-shock G-steel c&oacute; d&aacute;ng vẻ cao cấp, chắc chắn v&agrave; sang trọng, lịch l&atilde;m hơn so với c&aacute;c tiền bối G-shock của m&igrave;nh.</p>\r\n\r\n<p>Thuộc d&ograve;ng G-Steel tough solar GST-S120 (GST-S130, GST-S110), d&ograve;ng G-shock sở hữu đầy đủ những vẻ đẹp tinh tế của G-shock G-steel cũng như pin mặt trời Tough solar tiện lợi. Sự kết hợp giữa kim loại v&agrave; nhựa l&agrave;m n&ecirc;n những chiếc đồng hồ lịch l&atilde;m sang trọng m&agrave; kh&ocirc;ng k&eacute;m phần mạnh mẽ. Thiết kế 4 v&iacute;t kim loại ở 4 g&oacute;c m&agrave;n h&igrave;nh l&agrave; điểm nhận biết đặc trưng của d&ograve;ng G-steel n&agrave;y.</p>\r\n\r\n<p>Từ G-SHOCK, thương hiệu đồng hồ kh&ocirc;ng ngừng th&aacute;ch thức c&aacute;c giới hạn thiết kế đồng hồ, ch&uacute;ng t&ocirc;i giới thiệu mẫu G-STEEL mới với &ldquo;cấu tr&uacute;c bảo vệ lớp&rdquo; c&oacute; khả năng chống sốc vượt trội.<br />\r\nD&acirc;y đeo của d&ograve;ng đồng hồ n&agrave;y được kết hợp nhiều chất liệu kh&aacute;c nhau, mang tới độ bền v&agrave; khả năng chống m&agrave;i m&ograve;n vượt trội. L&otilde;i d&acirc;y đeo được l&agrave;m từ nhựa, bề mặt b&ecirc;n ngo&agrave;i l&agrave; vải CORDURA bền hơn nylon v&agrave; c&aacute;c bề mặt b&ecirc;n trong l&agrave; Da tổng hợp, thường được sử dụng để may trang phục bảo hộ. Mẫu GST-S130C c&oacute; đường gờ kim loại sắc b&eacute;n v&agrave; mạnh mẽ. Lựa chọn thiết kế đường gờ n&agrave;y bổ sung th&ecirc;m v&agrave;o vẻ ngo&agrave;i sang trọng v&agrave; chức năng của G-STEEL v&agrave; khiến mẫu đồng hồ n&agrave;y ph&ugrave; hợp khi phối với trang phục h&agrave;ng ng&agrave;y.<br />\r\nC&aacute;c t&iacute;nh năng kh&aacute;c bao gồm hoạt động bằng năng lượng mặt trời v&agrave; chuyển kim, cũng như Đ&egrave;n Neon cho mặt đồng hồ kim v&agrave; đ&egrave;n nền LED m&agrave;u trắng cho khả năng đọc tối ưu.<br />\r\nCấu tr&uacute;c bảo vệ lớp v&agrave; loại d&acirc;y đeo v&agrave; đường gờ mới gi&uacute;p tăng đ&aacute;ng kể khả năng về mặt thiết kế cho những mẫu đồng hồ G-STEEL mới nhất n&agrave;y.</p>\r\n\r\n<ul>\r\n	<li>Vật liệu vỏ / gờ: Nhựa / Th&eacute;p kh&ocirc;ng gỉ</li>\r\n	<li>D&acirc;y đeo bằng vải / da tổng hợp</li>\r\n	<li>Neobrite</li>\r\n	<li>Chống va đập</li>\r\n	<li>Mặt k&iacute;nh kho&aacute;ng</li>\r\n	<li>Chống nước ở độ s&acirc;u 200 mét</li>\r\n	<li>Hai đ&egrave;n LED</li>\r\n	<li>Đ&egrave;n LED cho mặt đồng hồ (Đ&egrave;n LED tự động ho&agrave;n to&agrave;n, đ&egrave;n Neon, thời lượng chiếu s&aacute;ng c&oacute; thể lựa chọn (1,5 gi&acirc;y hoặc 3 gi&acirc;y), ph&aacute;t s&aacute;ng sau)</li>\r\n	<li>Đ&egrave;n LED cực t&iacute;m cho m&agrave;n h&igrave;nh số (Đ&egrave;n LED tự động ho&agrave;n to&agrave;n, Chiếu s&aacute;ng cực mạnh, thời lượng chiếu s&aacute;ng c&oacute; thể lựa chọn (1,5 gi&acirc;y hoặc 3 gi&acirc;y), ph&aacute;t s&aacute;ng sau)</li>\r\n	<li>Chạy bằng năng lượng mặt trời</li>\r\n	<li>Giờ thế giới</li>\r\n	<li>31 m&uacute;i giờ (48 th&agrave;nh phố + giờ phối hợp quốc tế), bật/tắt tiết kiệm &aacute;nh s&aacute;ng ban ng&agrave;y, chuyển đổi Giờ địa phương/Giờ thế giới</li>\r\n	<li>Đồng hồ bấm giờ 1/100 gi&acirc;y</li>\r\n	<li>Khả năng đo: 59&rsquo;59.99&rdquo;</li>\r\n	<li>Ch&ecirc;́ đ&ocirc;̣ đo: Thời gian đã tr&ocirc;i qua, ngắt giờ, thời gian v&ecirc;̀ đích thứ nh&acirc;́t &ndash; thứ hai</li>\r\n	<li>Đ&ocirc;̀ng h&ocirc;̀ đ&ecirc;́m ngược</li>\r\n	<li>Đơn vị đo: 1 gi&acirc;y</li>\r\n	<li>Khoảng đếm ngược: 100 ph&uacute;t</li>\r\n	<li>Khoảng c&agrave;i đặt thời gian bắt đầu đếm ngược: 1 gi&acirc;y đến 100 ph&uacute;t (khoảng tăng 1 gi&acirc;y, khoảng tăng 1 ph&uacute;t)</li>\r\n	<li>5 chế độ b&aacute;o giờ h&agrave;ng ng&agrave;y</li>\r\n	<li>T&iacute;n hiệu thời gian h&agrave;ng giờ</li>\r\n	<li>T&iacute;nh năng chuyển kim (Kim dịch chuyển qua một b&ecirc;n để kh&ocirc;ng che kết quả hiển thị tr&ecirc;n m&agrave;n h&igrave;nh kỹ thuật số)</li>\r\n	<li>Chỉ b&aacute;o mức pin</li>\r\n	<li>Tiết kiệm năng lượng (m&agrave;n h&igrave;nh trống để tiết kiệm năng lượng khi để đồng hồ trong b&oacute;ng tối)</li>\r\n	<li>Lịch ho&agrave;n to&agrave;n tự động (đến năm 2099)</li>\r\n	<li>Định dạng giờ 12/24</li>\r\n	<li>Bật/tắt &acirc;m nhấn n&uacute;t</li>\r\n	<li>Giờ hiện h&agrave;nh th&ocirc;ng thường</li>\r\n	<li>Đồng hồ kim: 2 kim (giờ, ph&uacute;t (kim di chuyển 20 gi&acirc;y một lần))</li>\r\n	<li>Đồng hồ số: Giờ, ph&uacute;t, gi&acirc;y, chiều, th&aacute;ng, ng&agrave;y, thứ</li>\r\n	<li>Độ ch&iacute;nh x&aacute;c: &plusmn;15 gi&acirc;y một th&aacute;ng</li>\r\n	<li>Thời gian hoạt động xấp xỉ của pin:</li>\r\n	<li>8 th&aacute;ng đối với pin sạc lại được (thời gian hoạt động nếu sử dụng b&igrave;nh thường m&agrave; kh&ocirc;ng tiếp x&uacute;c với &aacute;nh s&aacute;ng sau khi sạc)</li>\r\n	<li>19 th&aacute;ng đối với pin sạc lại được (thời gian hoạt động khi được giữ trong b&oacute;ng tối ho&agrave;n to&agrave;n với chức năng tiết kiệm năng lượng được bật sau khi sạc đầy)</li>\r\n	<li><strong>K&iacute;ch thước vỏ / Tổng trọng lượng</strong></li>\r\n	<li>K&iacute;ch thước vỏ : 59,1&times;52,4&times;16,1mm</li>\r\n	<li>Tổng trọng lượng : 104g</li>\r\n</ul>\r\n', 1),
(26, 'GST-S310-7ADR', 8648000, 19, 'Hinh-1668222622.png', '<h2>Casio G-Shock GST-S310-7A &ndash;&nbsp;D&ograve;ng sản phẩm G-STEEL mang thiết kế G-SHOCK cỡ nhỏ.</h2>\r\n\r\n<p>Từ G-SHOCK, thương hiệu đồng hồ kh&ocirc;ng ngừng đặt ra c&aacute;c ti&ecirc;u chuẩn mới về độ bền đồng hồ hiển thị giờ hiện h&agrave;nh đ&atilde; xuất hiện một bộ sưu tập gồm c&aacute;c thiết kế mới cho d&ograve;ng sản phẩm G-STEEL mở rộng.<br />\r\nDựa tr&ecirc;n mẫu GST-S310 ti&ecirc;n tiến được trang bị nhiều chức năng, hai mẫu n&agrave;y c&oacute; d&acirc;y đeo bằng uretan.<br />\r\nGST-S310 c&oacute; gờ bằng th&eacute;p kh&ocirc;ng gỉ v&agrave; c&oacute; hai mẫu để bạn lựa chọn, mỗi mẫu đều c&oacute; mặt đồng hồ v&agrave; d&acirc;y đeo m&agrave;u đen hoặc trắng.<br />\r\nC&aacute;c mẫu mới n&agrave;y bổ sung th&ecirc;m nhiều m&agrave;u mới cho d&acirc;y đeo của d&ograve;ng sản phẩm G-STEEL cỡ trung.</p>\r\n\r\n<ul>\r\n	<li><strong>Tough Solar</strong></li>\r\n	<li><strong>T&iacute;nh năng chuyển kim</strong></li>\r\n	<li><strong>Đ&egrave;n Chiếu s&aacute;ng cực mạnh (k&eacute;p) chiếu s&aacute;ng mặt đồng hồ v&agrave; m&agrave;n h&igrave;nh số</strong></li>\r\n</ul>\r\n\r\n<h3><strong>Th&ocirc;ng số kỹ thuật&nbsp;Casio G-Shock GST-S310-7A</strong></h3>\r\n\r\n<ul>\r\n	<li>Vật liệu vỏ / gờ: Nhựa / Th&eacute;p kh&ocirc;ng gỉ</li>\r\n	<li>D&acirc;y đeo bằng nhựa</li>\r\n	<li>Neobrite</li>\r\n	<li>Chống va đập</li>\r\n	<li>Mặt k&iacute;nh kho&aacute;ng</li>\r\n	<li>Chống nước ở độ s&acirc;u 200 m&eacute;t</li>\r\n	<li>Hai đ&egrave;n LED<br />\r\n	Đ&egrave;n LED cho mặt đồng hồ (Đ&egrave;n LED tự động ho&agrave;n to&agrave;n, Chiếu s&aacute;ng cực mạnh, thời lượng chiếu s&aacute;ng c&oacute; thể lựa chọn (1,5 gi&acirc;y hoặc 3 gi&acirc;y), ph&aacute;t s&aacute;ng sau)<br />\r\n	Đ&egrave;n LED cực t&iacute;m cho m&agrave;n h&igrave;nh số (Đ&egrave;n LED tự động ho&agrave;n to&agrave;n, Chiếu s&aacute;ng cực mạnh, thời lượng chiếu s&aacute;ng c&oacute; thể lựa chọn (1,5 gi&acirc;y hoặc 3 gi&acirc;y), ph&aacute;t s&aacute;ng sau)</li>\r\n	<li>Chạy bằng năng lượng mặt trời</li>\r\n	<li>Giờ thế giới<br />\r\n	31 m&uacute;i giờ (48 th&agrave;nh phố + giờ phối hợp quốc tế), bật/tắt tiết kiệm &aacute;nh s&aacute;ng ban ng&agrave;y, chuyển đổi Giờ địa phương/Giờ thế giới</li>\r\n	<li>Đồng hồ bấm giờ 1/100 gi&acirc;y<br />\r\n	Khả năng đo: 59&rsquo;59.99&rdquo;<br />\r\n	Chế độ đo: Thời gian đ&atilde; tr&ocirc;i qua, ngắt giờ, thời gian về đ&iacute;ch thứ nhất &ndash; thứ hai</li>\r\n	<li>Đồng hồ đếm ngược<br />\r\n	Đơn vị đo: 1 gi&acirc;y<br />\r\n	Khoảng đếm ngược: 100 ph&uacute;t<br />\r\n	Khoảng c&agrave;i đặt thời gian bắt đầu đếm ngược: 1 gi&acirc;y đến 100 ph&uacute;t (khoảng tăng 1 gi&acirc;y, khoảng tăng 1 ph&uacute;t)</li>\r\n	<li>5 chế độ b&aacute;o giờ h&agrave;ng ng&agrave;y</li>\r\n	<li>T&iacute;n hiệu thời gian h&agrave;ng giờ</li>\r\n	<li>T&iacute;nh năng chuyển kim (Kim dịch chuyển qua một b&ecirc;n để kh&ocirc;ng che kết quả hiển thị tr&ecirc;n m&agrave;n h&igrave;nh kỹ thuật số)</li>\r\n	<li>Chỉ b&aacute;o mức pin</li>\r\n	<li>Tiết kiệm năng lượng (m&agrave;n h&igrave;nh trống để tiết kiệm năng lượng khi để đồng hồ trong b&oacute;ng tối)</li>\r\n	<li>Lịch ho&agrave;n to&agrave;n tự động (đến năm 2099)</li>\r\n	<li>Định dạng giờ 12/24</li>\r\n	<li>Bật/tắt &acirc;m nhấn n&uacute;t</li>\r\n	<li>Giờ hiện h&agrave;nh th&ocirc;ng thường<br />\r\n	Đồng hồ kim: 2 kim (giờ, ph&uacute;t (kim di chuyển 20 gi&acirc;y một lần))<br />\r\n	Đồng hồ số: Giờ, ph&uacute;t, gi&acirc;y, chiều, th&aacute;ng, ng&agrave;y, thứ</li>\r\n	<li>Độ ch&iacute;nh x&aacute;c: &plusmn;15 gi&acirc;y một th&aacute;ng</li>\r\n	<li>Thời gian hoạt động xấp xỉ của pin:<br />\r\n	8 th&aacute;ng đối với pin sạc lại được (thời gian hoạt động nếu sử dụng b&igrave;nh thường m&agrave; kh&ocirc;ng tiếp x&uacute;c với &aacute;nh s&aacute;ng sau khi sạc)<br />\r\n	19 th&aacute;ng đối với pin sạc lại được (thời gian hoạt động khi được giữ trong b&oacute;ng tối ho&agrave;n to&agrave;n với chức năng tiết kiệm năng lượng được bật sau khi sạc đầy)</li>\r\n</ul>\r\n\r\n<h3><strong>K&iacute;ch thước vỏ / Tổng trọng lượng&nbsp;Casio G-Shock GST-S310-7A</strong></h3>\r\n\r\n<ul>\r\n	<li>K&iacute;ch thước vỏ : 55,9&times;49,3&times;15,3mm</li>\r\n	<li>Tổng trọng lượng : 92g</li>\r\n</ul>\r\n', 1),
(27, 'BA-130-4ADR', 5440000, 22, 'Hinh-1668222712.png', '<h2>Các t&iacute;nh năng</h2>\n\n<p>Từ BABY-G, d&ograve;ng đồng hồ thường ng&agrave;y d&agrave;nh cho nữ giới năng động, ch&uacute;ng t&ocirc;i đ&atilde; cho ra mắt c&aacute;c mẫu mới để t&ocirc; điểm cho thời trang đường phố.<br />\nMẫu cơ bản l&agrave; BA-130, phi&ecirc;n bản nhỏ gọn của thiết kế G-SHOCK được ưa chuộng. Sắc trắng v&agrave; hồng của mẫu sản phẩm n&agrave;y kết hợp với m&agrave;u kim loại của c&aacute;c bộ phận mặt đồng hồ đem đến diện mạo tươi s&aacute;ng. T&ocirc;ng m&agrave;u đơn sắc tinh tế của mẫu đồng hồ m&agrave;u đen để lại ấn tượng về vẻ ngo&agrave;i s&agrave;nh điệu.<br />\nThiết kế vỏ nam t&iacute;nh kết hợp với c&aacute;c m&agrave;u sắc kim loại nữ t&iacute;nh tạo n&ecirc;n thiết kế đồng hồ v&ocirc; c&ugrave;ng ph&ugrave; hợp với thời trang đường phố.</p>\n\n<h2>Đặc điểm kỹ thuật</h2>\n\n<ul>\n	<li>\n	<ul>\n		<li>Vật liệu vỏ / gờ: Nhựa</li>\n		<li>D&acirc;y đeo bằng nhựa</li>\n		<li>Neobrite</li>\n		<li>Chống va đập</li>\n		<li>Mặt k&iacute;nh kho&aacute;ng</li>\n		<li>Khả năng chống nước ở độ s&acirc;u 100 m&eacute;t</li>\n	</ul>\n\n	<ul>\n		<li>Đ&egrave;n LED<br />\n		Ph&aacute;t s&aacute;ng sau</li>\n		<li>Giờ thế giới<br />\n		29 m&uacute;i giờ (48 th&agrave;nh phố + giờ phối hợp quốc tế), bật/tắt tiết kiệm &aacute;nh s&aacute;ng ban ng&agrave;y</li>\n		<li>Đồng hồ bấm giờ 1/100 gi&acirc;y<br />\n		Khả năng đo: 23:59&rsquo;59.99&rdquo;<br />\n		Ch&ecirc;́ đ&ocirc;̣ đo: Thời gian đã tr&ocirc;i qua, ngắt giờ, thời gian v&ecirc;̀ đích thứ nh&acirc;́t &ndash; thứ hai</li>\n		<li>Đ&ocirc;̀ng h&ocirc;̀ đ&ecirc;́m ngược<br />\n		Đơn vị đo: 1 gi&acirc;y<br />\n		Khoảng đếm ngược: 24 giờ<br />\n		Khoảng c&agrave;i đặt thời gian bắt đầu đếm ngược: 1 phút đ&ecirc;́n 24 giờ (khoảng tăng 1 phút và khoảng tăng 1 giờ)</li>\n		<li>5 chế độ b&aacute;o thức h&agrave;ng ng&agrave;y (với 1 chế độ b&aacute;o lặp)</li>\n		<li>T&iacute;n hiệu thời gian h&agrave;ng giờ</li>\n		<li>Bật/tắt &acirc;m nhấn n&uacute;t</li>\n		<li>Định dạng giờ 12/24</li>\n		<li>Lịch ho&agrave;n to&agrave;n tự động (đến năm 2099)</li>\n		<li>Giờ hiện h&agrave;nh th&ocirc;ng thường<br />\n		Đồng hồ kim: 2 kim (giờ, ph&uacute;t (kim di chuyển 20 gi&acirc;y một lần))<br />\n		Đồng hồ kỹ thuật số: Giờ, ph&uacute;t, gi&acirc;y, giờ chiều, th&aacute;ng, ng&agrave;y, thứ</li>\n		<li>Độ ch&iacute;nh x&aacute;c: &plusmn;30 gi&acirc;y một th&aacute;ng</li>\n	</ul>\n	</li>\n</ul>\n\n<h3>K&iacute;ch thước vỏ / Tổng trọng lượng</h3>\n\n<ul>\n	<li>K&iacute;ch thước vỏ : 46,3&times;43,3&times;15,8mm</li>\n	<li>Tổng trọng lượng : 45g</li>\n</ul>\n', 2),
(28, 'BA-130-1ADR', 7600000, 22, 'Hinh-1668222788.png', '<h2>Các t&iacute;nh năng</h2>\r\n\r\n<p>Từ BABY-G, d&ograve;ng đồng hồ thường ng&agrave;y d&agrave;nh cho nữ giới năng động, ch&uacute;ng t&ocirc;i đ&atilde; cho ra mắt c&aacute;c mẫu mới để t&ocirc; điểm cho thời trang đường phố.<br />\r\nMẫu cơ bản l&agrave; BA-130, phi&ecirc;n bản nhỏ gọn của thiết kế G-SHOCK được ưa chuộng. Sắc trắng v&agrave; hồng của mẫu sản phẩm n&agrave;y kết hợp với m&agrave;u kim loại của c&aacute;c bộ phận mặt đồng hồ đem đến diện mạo tươi s&aacute;ng. T&ocirc;ng m&agrave;u đơn sắc tinh tế của mẫu đồng hồ m&agrave;u đen để lại ấn tượng về vẻ ngo&agrave;i s&agrave;nh điệu.<br />\r\nThiết kế vỏ nam t&iacute;nh kết hợp với c&aacute;c m&agrave;u sắc kim loại nữ t&iacute;nh tạo n&ecirc;n thiết kế đồng hồ v&ocirc; c&ugrave;ng ph&ugrave; hợp với thời trang đường phố.</p>\r\n\r\n<h2>Đặc điểm kỹ thuật</h2>\r\n\r\n<ul>\r\n	<li>\r\n	<ul>\r\n		<li>Vật liệu vỏ / gờ: Nhựa</li>\r\n		<li>D&acirc;y đeo bằng nhựa</li>\r\n		<li>Neobrite</li>\r\n		<li>Chống va đập</li>\r\n		<li>Mặt k&iacute;nh kho&aacute;ng</li>\r\n		<li>Khả năng chống nước ở độ s&acirc;u 100 m&eacute;t</li>\r\n	</ul>\r\n\r\n	<ul>\r\n		<li>Đ&egrave;n LED<br />\r\n		Ph&aacute;t s&aacute;ng sau</li>\r\n		<li>Giờ thế giới<br />\r\n		29 m&uacute;i giờ (48 th&agrave;nh phố + giờ phối hợp quốc tế), bật/tắt tiết kiệm &aacute;nh s&aacute;ng ban ng&agrave;y</li>\r\n		<li>Đồng hồ bấm giờ 1/100 gi&acirc;y<br />\r\n		Khả năng đo: 23:59&rsquo;59.99&rdquo;<br />\r\n		Ch&ecirc;́ đ&ocirc;̣ đo: Thời gian đã tr&ocirc;i qua, ngắt giờ, thời gian v&ecirc;̀ đích thứ nh&acirc;́t &ndash; thứ hai</li>\r\n		<li>Đ&ocirc;̀ng h&ocirc;̀ đ&ecirc;́m ngược<br />\r\n		Đơn vị đo: 1 gi&acirc;y<br />\r\n		Khoảng đếm ngược: 24 giờ<br />\r\n		Khoảng c&agrave;i đặt thời gian bắt đầu đếm ngược: 1 phút đ&ecirc;́n 24 giờ (khoảng tăng 1 phút và khoảng tăng 1 giờ)</li>\r\n		<li>5 chế độ b&aacute;o thức h&agrave;ng ng&agrave;y (với 1 chế độ b&aacute;o lặp)</li>\r\n		<li>T&iacute;n hiệu thời gian h&agrave;ng giờ</li>\r\n		<li>Bật/tắt &acirc;m nhấn n&uacute;t</li>\r\n		<li>Định dạng giờ 12/24</li>\r\n		<li>Lịch ho&agrave;n to&agrave;n tự động (đến năm 2099)</li>\r\n		<li>Giờ hiện h&agrave;nh th&ocirc;ng thường<br />\r\n		Đồng hồ kim: 2 kim (giờ, ph&uacute;t (kim di chuyển 20 gi&acirc;y một lần))<br />\r\n		Đồng hồ kỹ thuật số: Giờ, ph&uacute;t, gi&acirc;y, giờ chiều, th&aacute;ng, ng&agrave;y, thứ</li>\r\n		<li>Độ ch&iacute;nh x&aacute;c: &plusmn;30 gi&acirc;y một th&aacute;ng</li>\r\n	</ul>\r\n	</li>\r\n</ul>\r\n\r\n<h3>K&iacute;ch thước vỏ / Tổng trọng lượng</h3>\r\n\r\n<ul>\r\n	<li>K&iacute;ch thước vỏ : 46,3&times;43,3&times;15,8mm</li>\r\n	<li>Tổng trọng lượng : 45g</li>\r\n</ul>\r\n', 2),
(29, 'EFV-C100D-1BVDF', 9870000, 49, 'Hinh-1668222893.png', '<h2>T&iacute;nh năng, đặc điểm</h2>\r\n\r\n<ul>\r\n	<li>Giờ thế giới</li>\r\n	<li>Đồng hồ bấm giờ 1/100 gi&acirc;y</li>\r\n	<li>Đồng hồ đếm ngược</li>\r\n	<li>B&aacute;o thức</li>\r\n	<li>Khả năng chống nước ở độ s&acirc;u 100 m&eacute;t</li>\r\n	<li>D&acirc;y đeo bằng th&eacute;p kh&ocirc;ng gỉ</li>\r\n</ul>\r\n\r\n<h2>Th&ocirc;ng số kỹ thuật</h2>\r\n\r\n<ul>\r\n	<li>\r\n	<ul>\r\n		<li>Vật liệu vỏ/ gờ: th&eacute;p kh&ocirc;ng gỉ / nh&ocirc;m</li>\r\n		<li>D&acirc;y đeo bằng th&eacute;p kh&ocirc;ng gỉ</li>\r\n		<li>Mặt k&iacute;nh kho&aacute;ng</li>\r\n		<li>Khả năng chống nước ở độ s&acirc;u 100 m&eacute;t</li>\r\n	</ul>\r\n	</li>\r\n	<li>Hiện thế giới<br />\r\n	Thời gian hiện tại trong 30 th&agrave;nh phố (29 m&uacute;i giờ), tiết kiệm &aacute;nh s&aacute;ng ban ng&agrave;y on / off</li>\r\n	<li>Đồng hồ bấm giờ 1/100 gi&acirc;y<br />\r\n	C&ocirc;ng suất đo: 23: 59&rsquo;59.99 &rdquo;<br />\r\n	Chế độ đo: Thời gian đ&atilde; tr&ocirc;i qua, thời gian ph&acirc;n chia, thời gian đặt&nbsp;1-2</li>\r\n	<li>Đồng hồ đếm ngược<br />\r\n	Đơn vị đo: 1 gi&acirc;y<br />\r\n	Khoảng đếm ngược: 24 giờ<br />\r\n	Khoảng c&agrave;i đặt thời gian bắt đầu đếm ngược: 1 ph&uacute;t đến 24 giờ (gia số 1 ph&uacute;t v&agrave; gia số 1 giờ)</li>\r\n	<li>3 b&aacute;o thức h&agrave;ng ng&agrave;y (với 1 b&aacute;o thức b&aacute;o lại)</li>\r\n	<li>T&iacute;n hiệu thời gian h&agrave;ng giờ</li>\r\n	<li>To&agrave;n bộ lịch tự động (đến năm 2099)</li>\r\n	<li>Định dạng 12/24 giờ<br />\r\n	Kỹ thuật số: Giờ, ph&uacute;t, gi&acirc;y, s&aacute;ng / tối, th&aacute;ng, ng&agrave;y, ng&agrave;y</li>\r\n	<li>Độ ch&iacute;nh x&aacute;c: &plusmn; 30 gi&acirc;y mỗi th&aacute;ng</li>\r\n</ul>\r\n\r\n<h3>K&iacute;ch thước vỏ / tổng trọng lượng</h3>\r\n\r\n<ul>\r\n	<li>K&iacute;ch thước vỏ: 51,6 &times; 46,6 &times; 14,2 mm</li>\r\n	<li>Tổng trọng lượng: 161g</li>\r\n</ul>\r\n', 3),
(30, 'EFV-570D-2AVUDF', 5450000, 22, 'Hinh-1668223117.png', '<p>Đồng Hồ Nam D&acirc;y Kim Loại Casio EFV-570D-2AVUDF (43.8mm) kh&ocirc;ng chỉ l&agrave; c&ocirc;ng cụ hiển thị giờ m&agrave; n&oacute; c&ograve;n c&oacute; c&ocirc;ng dụng như một trang sức kh&ocirc;ng thể thiếu trong cuộc sống.<br />\r\nĐồng hồ phong c&aacute;ch trẻ trung l&agrave; sự lựa chọn số 1 của những bạn trẻ, được thiết kế nhẹ nh&agrave;ng tinh tế, c&aacute; t&iacute;nh, kh&ocirc;ng qu&aacute; cầu kỳ, tất cả đều sẽ gi&uacute;p bạn nổi bật, v&agrave; sang trọng nhất.<br />\r\nPhần kim đồng hồ v&ocirc; c&ugrave;ng ch&iacute;nh x&aacute;c v&agrave; r&otilde; r&agrave;ng, ngo&agrave;i ra c&aacute;c vạch chia giờ được thiết kế r&otilde; n&eacute;t nhờ vậy bạn c&oacute; thể dễ d&agrave;ng quan s&aacute;t.<br />\r\nĐ&acirc;y l&agrave; d&ograve;ng đồng hồ được chế tạo để chịu &aacute;p suất nước. Bạn sẽ kh&ocirc;ng phải th&aacute;o mỗi khi rửa tay, rửa mặt, kh&ocirc;ng phải lo trời mưa.<br />\r\nBạn c&oacute; thể mix đồng hồ c&ugrave;ng c&aacute;c trang phục h&agrave;ng ng&agrave;y để tạo n&eacute;t đẹp cho đ&ocirc;i tay v&agrave; khẳng định phong c&aacute;ch thời trang của ri&ecirc;ng m&igrave;nh.</p>\r\n\r\n<h2>Các t&iacute;nh năng</h2>\r\n\r\n<ul>\r\n	<li>Đồng hồ bấm giờ</li>\r\n	<li>Khả năng chống nước ở độ s&acirc;u 100 m&eacute;t</li>\r\n	<li>Hiển thị ng&agrave;y</li>\r\n	<li>D&acirc;y đeo bằng th&eacute;p kh&ocirc;ng gỉ</li>\r\n</ul>\r\n\r\n<h2>Đặc điểm kỹ thuật</h2>\r\n\r\n<ul>\r\n	<li>\r\n	<ul>\r\n		<li>Vật liệu vỏ / gờ: Th&eacute;p kh&ocirc;ng gỉ</li>\r\n		<li>Chốt gập 3 chỉ với một lần bấm</li>\r\n		<li>D&acirc;y đeo bằng th&eacute;p kh&ocirc;ng gỉ</li>\r\n		<li>Mặt k&iacute;nh kho&aacute;ng</li>\r\n		<li>Nắp sau kh&oacute;a bằng v&iacute;t</li>\r\n		<li>Khả năng chống nước ở độ s&acirc;u 100 m&eacute;t</li>\r\n	</ul>\r\n	</li>\r\n	<li>Đồng hồ bấm giờ 1 gi&acirc;y<br />\r\n	Khả năng đo: 59&rsquo;59<br />\r\n	Chế độ đo: Thời gian đ&atilde; tr&ocirc;i qua, ngắt giờ, thời gian về đ&iacute;ch thứ nhất-thứ hai</li>\r\n	<li>Hiển thị ng&agrave;y</li>\r\n	<li>Giờ hiện h&agrave;nh th&ocirc;ng thường<br />\r\n	Đồng hồ kim: 3 kim (giờ, ph&uacute;t, gi&acirc;y),<br />\r\n	3 mặt số (24 giờ, ph&uacute;t bấm giờ, gi&acirc;y bấm giờ)</li>\r\n	<li>Độ ch&iacute;nh x&aacute;c: &plusmn;20 gi&acirc;y một th&aacute;ng</li>\r\n</ul>\r\n\r\n<h3>K&iacute;ch thước vỏ / Tổng trọng lượng</h3>\r\n\r\n<ul>\r\n	<li>K&iacute;ch thước vỏ : 48,5&times;43,8&times;11,6mm</li>\r\n	<li>Tổng trọng lượng : 175g</li>\r\n</ul>\r\n', 3),
(31, 'EFV-540DC-1AVUDF', 6670000, 18, 'Hinh-1668223215.png', '<h2>Các t&iacute;nh năng</h2>\r\n\r\n<ul>\r\n	<li>Bộ ghi thời gian kim quay ngược</li>\r\n	<li>Đồng hồ bấm giờ</li>\r\n	<li>Khả năng chống nước ở độ s&acirc;u 100 m&eacute;t</li>\r\n	<li>Hiển thị ng&agrave;y</li>\r\n	<li>D&acirc;y đeo bằng th&eacute;p kh&ocirc;ng gỉ</li>\r\n</ul>\r\n\r\n<h2>Đặc điểm kỹ thuật</h2>\r\n\r\n<ul>\r\n	<li>\r\n	<ul>\r\n		<li>Vật liệu vỏ / gờ: Th&eacute;p kh&ocirc;ng gỉ</li>\r\n		<li>D&acirc;y đeo bằng th&eacute;p kh&ocirc;ng gỉ</li>\r\n		<li>Chốt gập 3 chỉ với một lần bấm</li>\r\n		<li>Mặt k&iacute;nh kho&aacute;ng</li>\r\n		<li>Vỏ mạ ion m&agrave;u đen</li>\r\n		<li>D&acirc;y đeo mạ ion m&agrave;u đen</li>\r\n		<li>Nắp sau kh&oacute;a bằng v&iacute;t</li>\r\n		<li>Khả năng chống nước ở độ s&acirc;u 100 m&eacute;t</li>\r\n	</ul>\r\n\r\n	<ul>\r\n		<li>Đồng hồ bấm giờ 1 gi&acirc;y<br />\r\n		Khả năng đo: 9&rsquo;59<br />\r\n		Ch&ecirc;́ đ&ocirc;̣ đo: Thời gian đã tr&ocirc;i qua, ngắt giờ, thời gian v&ecirc;̀ đích thứ nh&acirc;́t &ndash; thứ hai</li>\r\n		<li>Hiển thị ng&agrave;y</li>\r\n		<li>Giờ hiện h&agrave;nh th&ocirc;ng thường<br />\r\n		Đồng hồ kim: 3 kim (giờ, ph&uacute;t, gi&acirc;y),<br />\r\n		3 mặt số (ph&uacute;t, gi&acirc;y trong đồng hồ bấm giờ, 24 giờ)</li>\r\n		<li>Độ ch&iacute;nh x&aacute;c: &plusmn;20 gi&acirc;y một th&aacute;ng</li>\r\n		<li>Tuổi thọ pin xấp xỉ: 3 năm với pin SR920SW</li>\r\n	</ul>\r\n	</li>\r\n</ul>\r\n\r\n<h3>K&iacute;ch thước vỏ / Tổng trọng lượng</h3>\r\n\r\n<ul>\r\n	<li>K&iacute;ch thước vỏ : 48,5&times;43,8&times;12,1mm</li>\r\n	<li>Tổng trọng lượng : 144g</li>\r\n</ul>\r\n', 3),
(32, ' MTS-100L-1AVDF', 4320000, 10, 'Hinh-1668223346.jpg', '<h3><strong>Tinh hoa của sự s&aacute;ng tạo</strong></h3>\r\n\r\n<p>Thương hiệu đồng hồ nổi tiếng đến từ Nhật Bản kh&ocirc;ng ngừng cải tiến v&agrave; cho ra mắt những d&ograve;ng sản phẩm chất lượng ph&ugrave; hợp với nhiều đối tượng kh&aacute;ch h&agrave;ng. Những d&ograve;ng sản phẩm nổi tiếng của Casio l&agrave;: G-Shock với thiết kế mạnh mẽ c&ugrave;ng độ bền cao, Edifice thiết kế hiện đại c&ugrave;ng nhiều t&iacute;nh năng vượt trội, Sheen với thiết kế cổ điển v&agrave; sang trọng,&hellip;</p>\r\n', 4),
(33, 'E350D-7BVDF', 3200000, 12, 'Hinh-1668223429.jpg', '<p>Cấu h&igrave;nh Đồng hồ CASIO 40.6 mm Nam MTP-E350D-7BVDF</p>\r\n\r\n<ul>\r\n	<li>\r\n	<p>Đối tượng sử dụng: Nam<br />\r\n	</p>\r\n	</li>\r\n	<li>\r\n	<p>Đường k&iacute;nh mặt: 40.6 mm</p>\r\n	</li>\r\n	<li>\r\n	<p>Chất liệu mặt k&iacute;nh: K&iacute;nh kho&aacute;ng Mineral</p>\r\n	</li>\r\n	<li>\r\n	<p>Chất liệu d&acirc;y: Th&eacute;p kh&ocirc;ng gỉ</p>\r\n	</li>\r\n	<li>\r\n	<p>Bộ m&aacute;y: Pin (Quartz)</p>\r\n	</li>\r\n	<li>\r\n	<p>Chống nước: 5 ATM - Đi mưa, tắm</p>\r\n	</li>\r\n	<li>\r\n	<p>Thương hiệu: Nhật Bản</p>\r\n	</li>\r\n	<li>\r\n	<p>H&atilde;ng CASIO.</p>\r\n	</li>\r\n</ul>\r\n', 4),
(34, 'LOBINNI NO.2060-10', 7650000, 22, 'Hinh-1668310329.jpg', '<p>NỔI BẬT VỚI VẺ ĐẸP DỊU D&Agrave;NG, TINH TẾ TR&Ecirc;N CỔ TAY</p>\r\n\r\n<p>L&agrave;m đẹp kh&ocirc;ng chỉ thể hiện tr&ecirc;n gương mặt m&agrave; c&ograve;n ở bộ quần &aacute;o đang mặc, chiếc đồng hồ đang đeo hay đ&ocirc;i gi&agrave;y đang đi. Ch&uacute;ng thể hiện phong th&aacute;i v&agrave; đẳng cấp của ph&aacute;i đẹp.</p>\r\n\r\n<p>Sở hữu Lobinni No.2060 tr&ecirc;n tay, c&ocirc; n&agrave;ng trở n&ecirc;n tự tin v&agrave; nổi bật hơn.</p>\r\n\r\n<p>- Mặt số khảm trai v&ocirc; c&ugrave;ng nổi bật, tạo n&ecirc;n hiệu ứng kh&aacute; h&uacute;t mắt.</p>\r\n\r\n<p>- Khung vỏ được l&agrave;m từ th&eacute;p kh&ocirc;ng gỉ 316L, kết hơp c&ugrave;ng mạ PVD s&aacute;ng b&oacute;ng. Ngo&agrave;i ra, cỗ m&aacute;y được đ&iacute;nh đ&aacute; ở phần niềng đồng hồ tạo cảm gi&aacute;c sang trọng hơn, cuốn h&uacute;t hơn.</p>\r\n\r\n<p>- Điểm nhấn của si&ecirc;u phẩm n&agrave;y nằm ở mặt số với biểu tượng ch&uacute; c&aacute; nhảy may mắn &yacute; nghĩa mang tới sự sung t&uacute;c, vương giả v&agrave; thịnh vượng..</p>\r\n\r\n<p>- Sở hữu thiết kế sang trọng , chất liệu cao cấp, cỗ m&aacute;y bền bỉ, đồng hồ nữ Lobinni No.2060 kh&ocirc;ng chỉ l&agrave; một phụ kiện xem giờ m&agrave; c&ograve;n trở th&agrave;nh biểu tượng tạo dựng n&ecirc;n phong c&aacute;ch ri&ecirc;ng của chủ sở hữu.</p>\r\n\r\n<p>- Cỗ m&aacute;y n&agrave;y ch&iacute;nh l&agrave; phụ kiện m&agrave; mọi c&ocirc; g&aacute;i y&ecirc;u th&iacute;ch!</p>\r\n\r\n<p>- Đ&acirc;y cũng l&agrave; một m&oacute;n qu&agrave; m&agrave; đ&agrave;n &ocirc;ng n&ecirc;n hướng tới để d&agrave;nh tặng cho người m&igrave;nh y&ecirc;u thương!</p>\r\n\r\n<p>&nbsp;</p>\r\n', 6),
(36, 'ELLY – EH9', 5790000, 12, 'Hinh-1668310732.jpg', '<p><strong>&ndash; Thương hiệu:&nbsp;</strong>ELLY.<br />\r\n<strong>&ndash; M&agrave;u sắc:&nbsp;</strong>đen, đỏ.<br />\r\n<strong>&ndash; Chất liệu vỏ:&nbsp;</strong>Th&eacute;p kh&ocirc;ng gỉ.<br />\r\n<strong>&ndash; Chất liệu d&acirc;y đeo:&nbsp;</strong>Da thật.<br />\r\n<strong>&ndash; Chất liệu mặt k&iacute;nh:&nbsp;</strong>Sapphire.<br />\r\n<strong>&ndash; Đường k&iacute;nh mặt:&nbsp;</strong>30mm.<br />\r\n<strong>&ndash; Chống nước:&nbsp;</strong>3ATM.<br />\r\n<strong>&ndash; Nguồn năng lượng:&nbsp;</strong>Pin<br />\r\n<strong>&ndash; Bộ m&aacute;y:&nbsp;</strong>Quartz của Nhật Bản<br />\r\n<strong>&ndash; Sản xuất:&nbsp;</strong>Gia c&ocirc;ng lắp r&aacute;p tại nh&agrave; m&aacute;y Trung Quốc (theo ti&ecirc;u chuẩn chất lượng của thương hiệu ELLY)<br />\r\n<strong>&ndash; Thời gian bảo h&agrave;nh:&nbsp;</strong>01 năm (chi tiết xem trong sổ hướng dẫn sử dụng v&agrave; bảo h&agrave;nh)<br />\r\n<strong>&ndash; Trọn bộ sản phẩm:&nbsp;</strong>đồng hồ cao cấp ELLY- EH9, hộp đựng đồng hồ cao cấp, sổ hướng dẫn sử dụng v&agrave; bảo h&agrave;nh, thẻ bảo h&agrave;nh</p>\r\n', 6),
(37, 'BA-112-7ADR', 5990000, 12, 'Hinh-1668310990.png', '<h3>CHI TIẾT SẢN PHẨM</h3>\r\n\r\n<p><strong>Casio Baby-G BA-112-7A&ndash;&nbsp;G-shock GA-111&nbsp;phi&ecirc;n bản nữ</strong></p>\r\n\r\n<p>Thuộc d&ograve;ng BabyG BA-112 &ndash; d&ograve;ng baby-g kim số được mệnh danh l&agrave; G-shock GA-111&nbsp;phi&ecirc;n bản nữ;&nbsp;<strong>BA-112-7A</strong>&nbsp;bao gồm&nbsp;ba m&agrave;u neon thời trang đường phố mới n&agrave;y l&agrave; c&aacute;c m&agrave;u bổ sung mới nhất v&agrave;o D&ograve;ng BA-110. Mặt đồng hồ của ba mẫu n&agrave;y c&oacute; m&agrave;u đen cơ bản, được nhấn bằng m&agrave;u hồng cho mẫu m&agrave;u đen, m&agrave;u cam hoặc xanh lục để ph&ugrave; hợp với d&acirc;y đeo v&agrave; m&agrave;u vỏ của hai mẫu kia. Kết cấu chia lớp tạo n&ecirc;n thiết kế đa chiều, được tạo điểm nhấn bằng c&aacute;ch d&ugrave;ng hai loại vật liệu kh&aacute;c nhau. K&iacute;ch cỡ của những đồng hồ n&agrave;y được thiết kế để &ocirc;m vừa cổ tay phụ nữ, đồng thời vẫn giữ được vẻ cuốn h&uacute;t bắt mắt.</p>\r\n\r\n<ul>\r\n	<li>Chống va đập</li>\r\n	<li>Khả năng chống nước ở độ s&acirc;u 100 m&eacute;t</li>\r\n	<li>Đ&egrave;n LED</li>\r\n	<li>Giờ thế giới</li>\r\n	<li>29 m&uacute;i giờ (48 th&agrave;nh phố + giờ phối hợp quốc tế), hiển thị m&atilde; th&agrave;nh phố, bật/tắt tiết kiệm &aacute;nh s&aacute;ng ban ng&agrave;y</li>\r\n	<li>Đồng hồ bấm giờ 1/100 gi&acirc;y</li>\r\n	<li>Khả năng đo: 23:59&rsquo;59.99&rdquo;</li>\r\n	<li>Chế độ đo: Thời gian đ&atilde; tr&ocirc;i qua, ngắt giờ, thời gian về đ&iacute;ch thứ nhất-thứ hai</li>\r\n	<li>Đ&ocirc;̀ng h&ocirc;̀ đ&ecirc;́m ngược</li>\r\n	<li>Đơn vị đo: 1 gi&acirc;y</li>\r\n	<li>Khoảng đếm ngược: 24 giờ</li>\r\n	<li>Khoảng c&agrave;i đặt thời gian bắt đầu đếm ngược: 1 ph&uacute;t đến 24 giờ (khoảng tăng 1 ph&uacute;t v&agrave; khoảng tăng 1 giờ)</li>\r\n	<li>5 chế độ b&aacute;o giờ h&agrave;ng ng&agrave;y (với 1 chế độ b&aacute;o lặp)</li>\r\n	<li>T&iacute;n hiệu thời gian h&agrave;ng giờ</li>\r\n	<li>Lịch ho&agrave;n to&agrave;n tự động (đến năm 2099)</li>\r\n	<li>Định dạng giờ 12/24</li>\r\n	<li>Bật/tắt &acirc;m nhấn n&uacute;t</li>\r\n	<li>Giờ hiện h&agrave;nh th&ocirc;ng thường</li>\r\n	<li>Đồng hồ kim: 2 kim (giờ, ph&uacute;t (kim di chuyển 20 gi&acirc;y một lần))</li>\r\n	<li>Đồng hồ số: Giờ, ph&uacute;t, gi&acirc;y, chiều, th&aacute;ng, ng&agrave;y, thứ</li>\r\n	<li>Độ ch&iacute;nh x&aacute;c: &plusmn;30 gi&acirc;y một th&aacute;ng</li>\r\n	<li>Tuổi thọ pin xấp xỉ: 2 năm với pin SR726W &times; 2</li>\r\n	<li><strong>K&iacute;ch thước vỏ/ Tổng trọng lượng</strong></li>\r\n	<li>K&iacute;ch thước vỏ:&ensp;46,3&ensp;&times;&ensp;43,4&ensp;&times;&ensp;15,8&ensp;mm</li>\r\n	<li>Tổng trọng lượng: 44,9 g</li>\r\n</ul>\r\n', 2),
(38, 'BA-111-4A2DR', 4750000, 15, 'Hinh-1668311078.png', '<p>Thuộc d&ograve;ng BabyG BA-111 &ndash; d&ograve;ng baby-g kim số được mệnh danh l&agrave; G-shock GA-111&nbsp;phi&ecirc;n bản nữ; BA-111-4A2&nbsp;bao gồm&nbsp;ba m&agrave;u neon thời trang đường phố mới n&agrave;y l&agrave; c&aacute;c m&agrave;u bổ sung mới nhất v&agrave;o D&ograve;ng BA-110. Mặt đồng hồ của ba mẫu n&agrave;y c&oacute; m&agrave;u đen cơ bản, được nhấn bằng m&agrave;u hồng cho mẫu m&agrave;u đen, m&agrave;u cam hoặc xanh lục để ph&ugrave; hợp với d&acirc;y đeo v&agrave; m&agrave;u vỏ của hai mẫu kia. Kết cấu chia lớp tạo n&ecirc;n thiết kế đa chiều, được tạo điểm nhấn bằng c&aacute;ch d&ugrave;ng hai loại vật liệu kh&aacute;c nhau. K&iacute;ch cỡ của những đồng hồ n&agrave;y được thiết kế để &ocirc;m vừa cổ tay phụ nữ, đồng thời vẫn giữ được vẻ cuốn h&uacute;t bắt mắt.</p>\r\n\r\n<ul>\r\n	<li>Chống va đập</li>\r\n	<li>Khả năng chống nước ở độ s&acirc;u 100 m&eacute;t</li>\r\n	<li>Đ&egrave;n LED</li>\r\n	<li>Giờ thế giới</li>\r\n	<li>29 m&uacute;i giờ (48 th&agrave;nh phố + giờ phối hợp quốc tế), hiển thị m&atilde; th&agrave;nh phố, bật/tắt tiết kiệm &aacute;nh s&aacute;ng ban ng&agrave;y</li>\r\n	<li>Đồng hồ bấm giờ 1/100 gi&acirc;y</li>\r\n	<li>Khả năng đo: 23:59&rsquo;59.99&rdquo;</li>\r\n	<li>Chế độ đo: Thời gian đ&atilde; tr&ocirc;i qua, ngắt giờ, thời gian về đ&iacute;ch thứ nhất-thứ hai</li>\r\n	<li>Đ&ocirc;̀ng h&ocirc;̀ đ&ecirc;́m ngược</li>\r\n	<li>Đơn vị đo: 1 gi&acirc;y</li>\r\n	<li>Khoảng đếm ngược: 24 giờ</li>\r\n	<li>Khoảng c&agrave;i đặt thời gian bắt đầu đếm ngược: 1 ph&uacute;t đến 24 giờ (khoảng tăng 1 ph&uacute;t v&agrave; khoảng tăng 1 giờ)</li>\r\n	<li>5 chế độ b&aacute;o giờ h&agrave;ng ng&agrave;y (với 1 chế độ b&aacute;o lặp)</li>\r\n	<li>T&iacute;n hiệu thời gian h&agrave;ng giờ</li>\r\n	<li>Lịch ho&agrave;n to&agrave;n tự động (đến năm 2099)</li>\r\n	<li>Định dạng giờ 12/24</li>\r\n	<li>Bật/tắt &acirc;m nhấn n&uacute;t</li>\r\n	<li>Giờ hiện h&agrave;nh th&ocirc;ng thường</li>\r\n	<li>Đồng hồ kim: 2 kim (giờ, ph&uacute;t (kim di chuyển 20 gi&acirc;y một lần))</li>\r\n	<li>Đồng hồ số: Giờ, ph&uacute;t, gi&acirc;y, chiều, th&aacute;ng, ng&agrave;y, thứ</li>\r\n	<li>Độ ch&iacute;nh x&aacute;c: &plusmn;30 gi&acirc;y một th&aacute;ng</li>\r\n	<li>Tuổi thọ pin xấp xỉ: 2 năm với pin SR726W &times; 2</li>\r\n	<li><strong>K&iacute;ch thước vỏ/ Tổng trọng lượng</strong></li>\r\n	<li>K&iacute;ch thước vỏ:&ensp;46,3&ensp;&times;&ensp;43,4&ensp;&times;&ensp;15,8&ensp;mm</li>\r\n	<li>Tổng trọng lượng: 44,9 g</li>\r\n</ul>\r\n', 2),
(39, 'BGD-560-7DR', 2790000, 18, 'Hinh-1668311156.png', '<h2><strong>Casio Baby-G BGD-560-7 &ndash; D&ograve;ng sản phẩm n&agrave;y kết hợp thiết kế h&igrave;nh vu&ocirc;ng phổ biến</strong></h2>\r\n\r\n<p>C&aacute;c mẫu mới n&agrave;y được chế tạo dựa tr&ecirc;n D&ograve;ng BGD-500 v&agrave; trở th&agrave;nh những sản phẩm thiết kế lại từ mẫu DW-520 BABY-G đầu ti&ecirc;n nhất. D&ograve;ng sản phẩm n&agrave;y kết hợp thiết kế h&igrave;nh vu&ocirc;ng phổ biến với t&ugrave;y chọn ba m&agrave;u: đen, hồng nhạt hoặc trắng.<br />\r\nChất liệu ho&agrave;n thiện kh&ocirc;ng b&oacute;ng của vỏ v&agrave; d&acirc;y đeo tạo ra ấn tượng sắc n&eacute;t v&agrave; gọn g&agrave;ng, đồng thời m&agrave;u đơn sắc gi&uacute;p c&aacute;c mẫu n&agrave;y trở th&agrave;nh lựa chọn ph&ugrave; hợp với thời trang đơn giản v&agrave; tiện dụng d&agrave;nh cho người trưởng th&agrave;nh.<br />\r\nVới khả năng chống nước ở độ s&acirc;u tới 200 m&eacute;t, c&aacute;c mẫu n&agrave;y l&agrave; lựa chọn tuyệt vời để đeo tr&ecirc;n b&atilde;i biển, gần hồ bơi hoặc ở những nơi kh&aacute;c c&oacute; nước.</p>\r\n\r\n<h3><strong>Th&ocirc;ng số kỹ thuật Casio Baby-G BGD-560-7</strong></h3>\r\n\r\n<ul>\r\n	<li>Vật liệu vỏ / gờ: Nhựa</li>\r\n	<li>D&acirc;y đeo bằng nhựa</li>\r\n	<li>Chống va đập</li>\r\n	<li>Mặt k&iacute;nh kho&aacute;ng</li>\r\n	<li>Chống nước ở độ s&acirc;u 200 mét</li>\r\n	<li>Đ&egrave;n cực t&iacute;m ph&aacute;t quang điện tử<br />\r\n	Thời lượng chiếu s&aacute;ng c&oacute; thể lựa chọn, ph&aacute;t s&aacute;ng sau</li>\r\n	<li>Giờ thế giới<br />\r\n	29 m&uacute;i giờ (48 th&agrave;nh phố), hiển thị m&atilde; th&agrave;nh phố, bật/tắt tiết kiệm &aacute;nh s&aacute;ng ban ng&agrave;y</li>\r\n	<li>Đồng hồ bấm giờ 1/100 gi&acirc;y<br />\r\n	Khả năng đo: 59&rsquo;59.99&rdquo;<br />\r\n	Chế độ đo: Thời gian đ&atilde; tr&ocirc;i qua, ngắt giờ, thời gian về đ&iacute;ch thứ nhất-thứ hai</li>\r\n	<li>Đ&ocirc;̀ng h&ocirc;̀ đ&ecirc;́m ngược<br />\r\n	Đơn vị đo: 1 gi&acirc;y<br />\r\n	Khoảng đếm ngược: 24 giờ<br />\r\n	Khoảng c&agrave;i đặt thời gian bắt đầu đếm ngược: 1 ph&uacute;t đến 24 giờ (khoảng tăng 1 ph&uacute;t v&agrave; khoảng tăng 1 giờ)</li>\r\n	<li>5 chế độ b&aacute;o giờ h&agrave;ng ng&agrave;y (với 1 chế độ b&aacute;o lặp)</li>\r\n	<li>T&iacute;n hiệu thời gian h&agrave;ng giờ</li>\r\n	<li>Lịch ho&agrave;n to&agrave;n tự động (đến năm 2099)</li>\r\n	<li>Định dạng giờ 12/24</li>\r\n	<li>Bật/tắt &acirc;m nhấn n&uacute;t</li>\r\n	<li>Giờ hiện h&agrave;nh th&ocirc;ng thường: Giờ, ph&uacute;t, gi&acirc;y, s&aacute;ng/chiều, ng&agrave;y, thứ</li>\r\n	<li>Độ ch&iacute;nh x&aacute;c: &plusmn;30 gi&acirc;y một th&aacute;ng</li>\r\n	<li>Tu&ocirc;̉i thọ pin xấp xỉ: 3 năm với pin CR1616</li>\r\n</ul>\r\n\r\n<h3><strong>K&iacute;ch thước vỏ/ Tổng trọng lượng Casio Baby-G BGD-560-7</strong></h3>\r\n\r\n<ul>\r\n	<li>K&iacute;ch thước vỏ : 44,7&times;40&times;12,5mm</li>\r\n	<li>Tổng trọng lượng : 44g</li>\r\n</ul>\r\n', 2);

-- --------------------------------------------------------

--
-- Cấu trúc bảng cho bảng `ratings`
--

CREATE TABLE `ratings` (
  `rating_id` int(10) UNSIGNED NOT NULL,
  `fullname` varchar(255) COLLATE utf8_unicode_ci NOT NULL,
  `email` varchar(255) COLLATE utf8_unicode_ci NOT NULL,
  `rating_action` varchar(255) COLLATE utf8_unicode_ci NOT NULL,
  `comment` varchar(2000) COLLATE utf8_unicode_ci NOT NULL,
  `product_id` int(10) NOT NULL
) ENGINE=InnoDB DEFAULT CHARSET=utf8 COLLATE=utf8_unicode_ci;

--
-- Đang đổ dữ liệu cho bảng `ratings`
--

INSERT INTO `ratings` (`rating_id`, `fullname`, `email`, `rating_action`, `comment`, `product_id`) VALUES
(3, 'Việt Nguyễn', 'viet@gmail.com', '4', 'Sản phẩm rất vừa ý tôi', 26),
(6, 'trần văn long', 'aaa@gmail.com', '3', 'đẹp quá.. giá bao nhiêu vậy shop', 25),
(9, 'Nguyễn Quốc', 'aaa@gmail.com', '4', 'rất tuyệt', 31),
(11, 'Trần Qúy', 'quy@gmail.com', '5', 'sản phẩm rất tốt, rất hài lòng', 39),
(12, 'Nguyễn Long', 'long@gmail.com', '4', 'shop gia hàng uy tín chất lượng', 39),
(13, 'Nguyễn Long', 'long@gmail.com', '5', 'sản phẩm rất tuyệt', 5),
(14, 'Nguyễn Thu Thảo', 'thao@gmail.com', '4', 'sản phẩm rất tốt!!', 39),
(15, 'nguyễn hoa', 'hoa@gmail.com', '5', 'mẫu rất đẹp giá bao nhiêu vậy shop', 27),
(16, 'Việt Nguyễn', 'viet@gmail.com', '5', 'sản phầm rất bền và tốt', 39);

-- --------------------------------------------------------

--
-- Cấu trúc bảng cho bảng `sub_picture`
--

CREATE TABLE `sub_picture` (
  `id` int(10) UNSIGNED NOT NULL,
  `product_id` int(10) NOT NULL,
  `picture` varchar(200) COLLATE utf8_unicode_ci NOT NULL
) ENGINE=InnoDB DEFAULT CHARSET=utf8 COLLATE=utf8_unicode_ci;

--
-- Đang đổ dữ liệu cho bảng `sub_picture`
--

INSERT INTO `sub_picture` (`id`, `product_id`, `picture`) VALUES
(1, 6, 'ga-1100rg-1adr_master.png'),
(2, 6, 'ga-1100rg-1adr.jpg'),
(3, 6, 'ga-1100rg.jpg'),
(4, 6, 'g-shock-ga-1100rg.jpg'),
(5, 5, 'Hinh-1667881768.png'),
(6, 5, 'Hinh-1667883577.jpg'),
(9, 39, 'Hinh-1668350122.png'),
(10, 39, 'Hinh-1668505371.jpg'),
(11, 39, 'Hinh-1668505381.jpg');

-- --------------------------------------------------------

--
-- Cấu trúc bảng cho bảng `users`
--

CREATE TABLE `users` (
  `id` int(6) UNSIGNED NOT NULL,
  `username` varchar(200) COLLATE utf8_unicode_ci NOT NULL,
  `password` varchar(200) COLLATE utf8_unicode_ci NOT NULL,
  `fullname` varchar(50) COLLATE utf8_unicode_ci NOT NULL
) ENGINE=InnoDB DEFAULT CHARSET=utf8 COLLATE=utf8_unicode_ci;

--
-- Đang đổ dữ liệu cho bảng `users`
--

INSERT INTO `users` (`id`, `username`, `password`, `fullname`) VALUES
(1, 'admin', 'e10adc3949ba59abbe56e057f20f883e', 'Trần Qúy'),
(2, 'member', '01ddae4032e17a1c338baac9c4322b30', 'Nguyễn Nam'),
(3, 'mod', '4297f44b13955235245b2497399d7a93', 'Xuân Hoa');

--
-- Chỉ mục cho các bảng đã đổ
--

--
-- Chỉ mục cho bảng `categories`
--
ALTER TABLE `categories`
  ADD PRIMARY KEY (`categories_id`);

--
-- Chỉ mục cho bảng `contacts`
--
ALTER TABLE `contacts`
  ADD PRIMARY KEY (`id`);

--
-- Chỉ mục cho bảng `intros`
--
ALTER TABLE `intros`
  ADD PRIMARY KEY (`intro_id`);

--
-- Chỉ mục cho bảng `members`
--
ALTER TABLE `members`
  ADD PRIMARY KEY (`member_id`);

--
-- Chỉ mục cho bảng `news`
--
ALTER TABLE `news`
  ADD PRIMARY KEY (`news_id`);

--
-- Chỉ mục cho bảng `orders`
--
ALTER TABLE `orders`
  ADD PRIMARY KEY (`order_id`);

--
-- Chỉ mục cho bảng `order_detail`
--
ALTER TABLE `order_detail`
  ADD PRIMARY KEY (`order_detail_id`);

--
-- Chỉ mục cho bảng `products`
--
ALTER TABLE `products`
  ADD PRIMARY KEY (`product_id`);

--
-- Chỉ mục cho bảng `ratings`
--
ALTER TABLE `ratings`
  ADD PRIMARY KEY (`rating_id`);

--
-- Chỉ mục cho bảng `sub_picture`
--
ALTER TABLE `sub_picture`
  ADD PRIMARY KEY (`id`);

--
-- Chỉ mục cho bảng `users`
--
ALTER TABLE `users`
  ADD PRIMARY KEY (`id`);

--
-- AUTO_INCREMENT cho các bảng đã đổ
--

--
-- AUTO_INCREMENT cho bảng `categories`
--
ALTER TABLE `categories`
  MODIFY `categories_id` int(10) UNSIGNED NOT NULL AUTO_INCREMENT, AUTO_INCREMENT=20;

--
-- AUTO_INCREMENT cho bảng `contacts`
--
ALTER TABLE `contacts`
  MODIFY `id` int(10) UNSIGNED NOT NULL AUTO_INCREMENT, AUTO_INCREMENT=13;

--
-- AUTO_INCREMENT cho bảng `intros`
--
ALTER TABLE `intros`
  MODIFY `intro_id` int(10) UNSIGNED NOT NULL AUTO_INCREMENT, AUTO_INCREMENT=9;

--
-- AUTO_INCREMENT cho bảng `members`
--
ALTER TABLE `members`
  MODIFY `member_id` int(6) UNSIGNED NOT NULL AUTO_INCREMENT, AUTO_INCREMENT=6;

--
-- AUTO_INCREMENT cho bảng `news`
--
ALTER TABLE `news`
  MODIFY `news_id` int(10) UNSIGNED NOT NULL AUTO_INCREMENT, AUTO_INCREMENT=7;

--
-- AUTO_INCREMENT cho bảng `orders`
--
ALTER TABLE `orders`
  MODIFY `order_id` int(10) UNSIGNED NOT NULL AUTO_INCREMENT, AUTO_INCREMENT=37;

--
-- AUTO_INCREMENT cho bảng `order_detail`
--
ALTER TABLE `order_detail`
  MODIFY `order_detail_id` int(10) UNSIGNED NOT NULL AUTO_INCREMENT, AUTO_INCREMENT=38;

--
-- AUTO_INCREMENT cho bảng `products`
--
ALTER TABLE `products`
  MODIFY `product_id` int(10) UNSIGNED NOT NULL AUTO_INCREMENT, AUTO_INCREMENT=42;

--
-- AUTO_INCREMENT cho bảng `ratings`
--
ALTER TABLE `ratings`
  MODIFY `rating_id` int(10) UNSIGNED NOT NULL AUTO_INCREMENT, AUTO_INCREMENT=17;

--
-- AUTO_INCREMENT cho bảng `sub_picture`
--
ALTER TABLE `sub_picture`
  MODIFY `id` int(10) UNSIGNED NOT NULL AUTO_INCREMENT, AUTO_INCREMENT=12;

--
-- AUTO_INCREMENT cho bảng `users`
--
ALTER TABLE `users`
  MODIFY `id` int(6) UNSIGNED NOT NULL AUTO_INCREMENT, AUTO_INCREMENT=6;
COMMIT;

/*!40101 SET CHARACTER_SET_CLIENT=@OLD_CHARACTER_SET_CLIENT */;
/*!40101 SET CHARACTER_SET_RESULTS=@OLD_CHARACTER_SET_RESULTS */;
/*!40101 SET COLLATION_CONNECTION=@OLD_COLLATION_CONNECTION */;
